iacorg-60700,ABBZK94,iacorg-cvmq4_superuser@mailtest.gov.uk,iacorg-supq9_user1@mailtest.gov.uk
iacorg-60700,ABBZK94,iacorg-cvmq4_superuser@mailtest.gov.uk,iacorg-i70vf_user2@mailtest.gov.uk
iacorg-mhrp9,X5CRPKT,iacorg-a4dt1_superuser@mailtest.co.uk,iacorg-4ogcu_user1@mailtest.co.uk
iacorg-mhrp9,X5CRPKT,iacorg-a4dt1_superuser@mailtest.co.uk,iacorg-6ahva_user2@mailtest.co.uk
iacorg-p46hr,MVZT6NR,iacorg-p46hr_superuser@mailtest.co.uk,iacorg-p46hr_user1@mailtest.co.uk
iacorg-p46hr,MVZT6NR,iacorg-p46hr_superuser@mailtest.co.uk,iacorg-p46hr_user2@mailtest.co.uk
iacorg-9qmpk,EX94R00,iacorg-9qmpk_superuser@mailtest.co.uk,iacorg-9qmpk_user1@mailtest.co.uk
iacorg-9qmpk,EX94R00,iacorg-9qmpk_superuser@mailtest.co.uk,iacorg-9qmpk_user2@mailtest.co.uk
iacorg-utp4v,YT67GZ0,iacorg-utp4v_superuser@mailtest.co.uk,iacorg-utp4v_user1@mailtest.co.uk
iacorg-utp4v,YT67GZ0,iacorg-utp4v_superuser@mailtest.co.uk,iacorg-utp4v_user2@mailtest.co.uk
iacorg-yd5s1,T1C0YO1,iacorg-yd5s1_superuser@mailtest.co.uk,iacorg-yd5s1_user1@mailtest.co.uk
iacorg-yd5s1,T1C0YO1,iacorg-yd5s1_superuser@mailtest.co.uk,iacorg-yd5s1_user2@mailtest.co.uk
iacorg-p47lx,VG6CQW1,iacorg-p47lx_superuser@mailtest.co.uk,iacorg-p47lx_user1@mailtest.co.uk
iacorg-p47lx,VG6CQW1,iacorg-p47lx_superuser@mailtest.co.uk,iacorg-p47lx_user2@mailtest.co.uk
iacorg-r1fxc,PL6FIEF,iacorg-r1fxc_superuser@mailtest.co.uk,iacorg-g9pxj_user1@mailtest.co.uk
iacorg-fgv6h,MK8OK0D,iacorg-fgv6h_superuser@mailtest.co.uk,iacorg-8zmsl_user2@mailtest.co.uk
iacorg-xbknw,7WDN00G,iacorg-xbknw_superuser@mailtest.co.uk,iacorg-2ylha_user3@mailtest.co.uk
iacorg-7lre4,42HY2F0,iacorg-7lre4_superuser@mailtest.co.uk,iacorg-2ylha_user4@mailtest.co.uk
iacorg-tk8ib,SPQP6PA,iacorg-tk8ib_superuser@mailtest.co.uk,iacorg-d1pfw_user5@mailtest.co.uk
iacorg-2wet6,F9S4SXP,iacorg-2wet6_superuser@mailtest.co.uk,iacorg-f8hlz_user6@mailtest.co.uk
iacorg-1nora,FW62E2U,iacorg-1nora_superuser@mailtest.co.uk,iacorg-f8hlz_user7@mailtest.co.uk
iacorg-wwr79,HB8048M,iacorg-wwr79_superuser@mailtest.co.uk,iacorg-py42v_user8@mailtest.co.uk
iacorg-g9pxj,6ZHQSOC,iacorg-g9pxj_superuser@mailtest.co.uk,iacorg-brlaf_user9@mailtest.co.uk
iacorg-r1fxc,PL6FIEF,iacorg-r1fxc_superuser@mailtest.co.uk,iacorg-brlaf_user10@mailtest.co.uk
iacorg-fgv6h,MK8OK0D,iacorg-fgv6h_superuser@mailtest.co.uk,iacorg-n9k5z_user11@mailtest.co.uk
iacorg-dwd63,REKPA64,iacorg-dwd63_superuser@mailtest.co.uk,iacorg-tvryt_user12@mailtest.co.uk
iacorg-xbknw,7WDN00G,iacorg-xbknw_superuser@mailtest.co.uk,iacorg-xf9pe_user13@mailtest.co.uk
iacorg-8zmsl,Z8RUAAI,iacorg-8zmsl_superuser@mailtest.co.uk,iacorg-xf9pe_user14@mailtest.co.uk
iacorg-7lre4,42HY2F0,iacorg-7lre4_superuser@mailtest.co.uk,iacorg-xf9pe_user15@mailtest.co.uk
iacorg-2ylha,8V73R5G,iacorg-2ylha_superuser@mailtest.co.uk,iacorg-xf9pe_user16@mailtest.co.uk
iacorg-iujsn,Z1ISC5Z,iacorg-iujsn_superuser@mailtest.co.uk,iacorg-a3nzu_user17@mailtest.co.uk
iacorg-tk8ib,SPQP6PA,iacorg-tk8ib_superuser@mailtest.co.uk,iacorg-a3nzu_user18@mailtest.co.uk
iacorg-2wet6,F9S4SXP,iacorg-2wet6_superuser@mailtest.co.uk,iacorg-a3nzu_user19@mailtest.co.uk
iacorg-d1pfw,NXM1LS9,iacorg-d1pfw_superuser@mailtest.co.uk,iacorg-a3nzu_user20@mailtest.co.uk
iacorg-1nora,FW62E2U,iacorg-1nora_superuser@mailtest.co.uk,iacorg-62nwd_user21@mailtest.co.uk
iacorg-f8hlz,C22RJU0,iacorg-f8hlz_superuser@mailtest.co.uk,iacorg-62nwd_user22@mailtest.co.uk
iacorg-wwr79,HB8048M,iacorg-wwr79_superuser@mailtest.co.uk,iacorg-womtb_user23@mailtest.co.uk
iacorg-g9pxj,6ZHQSOC,iacorg-g9pxj_superuser@mailtest.co.uk,iacorg-womtb_user24@mailtest.co.uk
iacorg-py42v,KP2STFE,iacorg-py42v_superuser@mailtest.co.uk,iacorg-womtb_user25@mailtest.co.uk
iacorg-r1fxc,PL6FIEF,iacorg-r1fxc_superuser@mailtest.co.uk,iacorg-womtb_user26@mailtest.co.uk
iacorg-brlaf,B1LQW4E,iacorg-brlaf_superuser@mailtest.co.uk,iacorg-nsvt0_user27@mailtest.co.uk
iacorg-fgv6h,MK8OK0D,iacorg-fgv6h_superuser@mailtest.co.uk,iacorg-nsvt0_user28@mailtest.co.uk
iacorg-dwd63,REKPA64,iacorg-dwd63_superuser@mailtest.co.uk,iacorg-nsvt0_user29@mailtest.co.uk
iacorg-xbknw,7WDN00G,iacorg-xbknw_superuser@mailtest.co.uk,iacorg-tpybr_user30@mailtest.co.uk
iacorg-n9k5z,F4HB067,iacorg-n9k5z_superuser@mailtest.co.uk,iacorg-tpybr_user31@mailtest.co.uk
iacorg-8zmsl,Z8RUAAI,iacorg-8zmsl_superuser@mailtest.co.uk,iacorg-tpybr_user32@mailtest.co.uk
iacorg-2ylha,8V73R5G,iacorg-2ylha_superuser@mailtest.co.uk,iacorg-tpybr_user35@mailtest.co.uk
iacorg-7lre4,42HY2F0,iacorg-7lre4_superuser@mailtest.co.uk,iacorg-tpybr_user34@mailtest.co.uk
iacorg-tvryt,380ZZJT,iacorg-tvryt_superuser@mailtest.co.uk,iacorg-tpybr_user33@mailtest.co.uk
iacorg-xf9pe,TYH0T39,iacorg-xf9pe_superuser@mailtest.co.uk,iacorg-reisn_user36@mailtest.co.uk
iacorg-iujsn,Z1ISC5Z,iacorg-iujsn_superuser@mailtest.co.uk,iacorg-0rlaz_user37@mailtest.co.uk
iacorg-tk8ib,SPQP6PA,iacorg-tk8ib_superuser@mailtest.co.uk,iacorg-0rlaz_user38@mailtest.co.uk
iacorg-2wet6,F9S4SXP,iacorg-2wet6_superuser@mailtest.co.uk,iacorg-vntts_user40@mailtest.co.uk
iacorg-vzwew,2WJ15CT,iacorg-vzwew_superuser@mailtest.co.uk,iacorg-vntts_user39@mailtest.co.uk
iacorg-d1pfw,NXM1LS9,iacorg-d1pfw_superuser@mailtest.co.uk,iacorg-vntts_user41@mailtest.co.uk
iacorg-a3nzu,C9XRY91,iacorg-a3nzu_superuser@mailtest.co.uk,iacorg-vntts_user42@mailtest.co.uk
iacorg-f8hlz,C22RJU0,iacorg-f8hlz_superuser@mailtest.co.uk,iacorg-boeg9_user44@mailtest.co.uk
iacorg-1nora,FW62E2U,iacorg-1nora_superuser@mailtest.co.uk,iacorg-boeg9_user43@mailtest.co.uk
iacorg-wwr79,HB8048M,iacorg-wwr79_superuser@mailtest.co.uk,iacorg-sy4j1_user45@mailtest.co.uk
iacorg-62nwd,V3IAY1Q,iacorg-62nwd_superuser@mailtest.co.uk,iacorg-sy4j1_user46@mailtest.co.uk
iacorg-g9pxj,6ZHQSOC,iacorg-g9pxj_superuser@mailtest.co.uk,iacorg-sy4j1_user47@mailtest.co.uk
iacorg-py42v,KP2STFE,iacorg-py42v_superuser@mailtest.co.uk,iacorg-sarx6_user48@mailtest.co.uk
iacorg-r1fxc,PL6FIEF,iacorg-r1fxc_superuser@mailtest.co.uk,iacorg-sarx6_user49@mailtest.co.uk
iacorg-womtb,UPEZOU8,iacorg-womtb_superuser@mailtest.co.uk,iacorg-sarx6_user50@mailtest.co.uk
iacorg-fgv6h,MK8OK0D,iacorg-fgv6h_superuser@mailtest.co.uk,iacorg-w3die_user52@mailtest.co.uk
iacorg-nsvt0,B5JSSVB,iacorg-nsvt0_superuser@mailtest.co.uk,iacorg-w3die_user53@mailtest.co.uk
iacorg-brlaf,B1LQW4E,iacorg-brlaf_superuser@mailtest.co.uk,iacorg-w3die_user51@mailtest.co.uk
iacorg-hj53q,VYJT6R6,iacorg-hj53q_superuser@mailtest.co.uk,iacorg-w3die_user54@mailtest.co.uk
iacorg-dwd63,REKPA64,iacorg-dwd63_superuser@mailtest.co.uk,iacorg-w3die_user55@mailtest.co.uk
iacorg-xbknw,7WDN00G,iacorg-xbknw_superuser@mailtest.co.uk,iacorg-4azi5_user56@mailtest.co.uk
iacorg-n9k5z,F4HB067,iacorg-n9k5z_superuser@mailtest.co.uk,iacorg-4azi5_user57@mailtest.co.uk
iacorg-8zmsl,Z8RUAAI,iacorg-8zmsl_superuser@mailtest.co.uk,iacorg-4azi5_user58@mailtest.co.uk
iacorg-2ylha,8V73R5G,iacorg-2ylha_superuser@mailtest.co.uk,iacorg-j7i59_user59@mailtest.co.uk
iacorg-7lre4,42HY2F0,iacorg-7lre4_superuser@mailtest.co.uk,iacorg-j7i59_user60@mailtest.co.uk
iacorg-tvryt,380ZZJT,iacorg-tvryt_superuser@mailtest.co.uk,iacorg-j7i59_user62@mailtest.co.uk
iacorg-xf9pe,TYH0T39,iacorg-xf9pe_superuser@mailtest.co.uk,iacorg-j7i59_user63@mailtest.co.uk
iacorg-tpybr,B1BW6D4,iacorg-tpybr_superuser@mailtest.co.uk,iacorg-j7i59_user61@mailtest.co.uk
iacorg-iujsn,Z1ISC5Z,iacorg-iujsn_superuser@mailtest.co.uk,iacorg-a2xzn_user64@mailtest.co.uk
iacorg-tk8ib,SPQP6PA,iacorg-tk8ib_superuser@mailtest.co.uk,iacorg-a2xzn_user65@mailtest.co.uk
iacorg-2wet6,F9S4SXP,iacorg-2wet6_superuser@mailtest.co.uk,iacorg-a2xzn_user67@mailtest.co.uk
iacorg-reisn,H3M1Y7U,iacorg-reisn_superuser@mailtest.co.uk,iacorg-a2xzn_user66@mailtest.co.uk
iacorg-vzwew,2WJ15CT,iacorg-vzwew_superuser@mailtest.co.uk,iacorg-c5lye_user68@mailtest.co.uk
iacorg-0rlaz,UX7Q6G3,iacorg-0rlaz_superuser@mailtest.co.uk,iacorg-c5lye_user69@mailtest.co.uk
iacorg-d1pfw,NXM1LS9,iacorg-d1pfw_superuser@mailtest.co.uk,iacorg-c5lye_user70@mailtest.co.uk
iacorg-a3nzu,C9XRY91,iacorg-a3nzu_superuser@mailtest.co.uk,iacorg-c5lye_user71@mailtest.co.uk
iacorg-1nora,FW62E2U,iacorg-1nora_superuser@mailtest.co.uk,iacorg-c5lye_user73@mailtest.co.uk
iacorg-f8hlz,C22RJU0,iacorg-f8hlz_superuser@mailtest.co.uk,iacorg-c5lye_user72@mailtest.co.uk
iacorg-vntts,ET10UYU,iacorg-vntts_superuser@mailtest.co.uk,iacorg-jpdfh_user74@mailtest.co.uk
iacorg-wwr79,HB8048M,iacorg-wwr79_superuser@mailtest.co.uk,iacorg-jpdfh_user75@mailtest.co.uk
iacorg-boeg9,E44NQWD,iacorg-boeg9_superuser@mailtest.co.uk,iacorg-jpdfh_user76@mailtest.co.uk
iacorg-62nwd,V3IAY1Q,iacorg-62nwd_superuser@mailtest.co.uk,iacorg-fon06_user77@mailtest.co.uk
iacorg-g9pxj,6ZHQSOC,iacorg-g9pxj_superuser@mailtest.co.uk,iacorg-fon06_user78@mailtest.co.uk
iacorg-py42v,KP2STFE,iacorg-py42v_superuser@mailtest.co.uk,iacorg-fon06_user79@mailtest.co.uk
iacorg-r1fxc,PL6FIEF,iacorg-r1fxc_superuser@mailtest.co.uk,iacorg-fon06_user80@mailtest.co.uk
iacorg-womtb,UPEZOU8,iacorg-womtb_superuser@mailtest.co.uk,iacorg-fon06_user81@mailtest.co.uk
iacorg-sy4j1,F3UMMS3,iacorg-sy4j1_superuser@mailtest.co.uk,iacorg-d2t6u_user82@mailtest.co.uk
iacorg-nsvt0,B5JSSVB,iacorg-nsvt0_superuser@mailtest.co.uk,iacorg-jc0ee_user84@mailtest.co.uk
iacorg-fgv6h,MK8OK0D,iacorg-fgv6h_superuser@mailtest.co.uk,iacorg-jc0ee_user83@mailtest.co.uk
iacorg-brlaf,B1LQW4E,iacorg-brlaf_superuser@mailtest.co.uk,iacorg-jc0ee_user85@mailtest.co.uk
iacorg-sarx6,H1Q2A07,iacorg-sarx6_superuser@mailtest.co.uk,iacorg-jc0ee_user86@mailtest.co.uk
iacorg-hj53q,VYJT6R6,iacorg-hj53q_superuser@mailtest.co.uk,iacorg-jc0ee_user87@mailtest.co.uk
iacorg-dwd63,REKPA64,iacorg-dwd63_superuser@mailtest.co.uk,iacorg-jc0ee_user88@mailtest.co.uk
iacorg-xbknw,7WDN00G,iacorg-xbknw_superuser@mailtest.co.uk,iacorg-jc0ee_user89@mailtest.co.uk
iacorg-n9k5z,F4HB067,iacorg-n9k5z_superuser@mailtest.co.uk,iacorg-xwrbz_user90@mailtest.co.uk
iacorg-w3die,WYJM2JH,iacorg-w3die_superuser@mailtest.co.uk,iacorg-xwrbz_user91@mailtest.co.uk
iacorg-8zmsl,Z8RUAAI,iacorg-8zmsl_superuser@mailtest.co.uk,iacorg-xwrbz_user92@mailtest.co.uk
iacorg-2ylha,8V73R5G,iacorg-2ylha_superuser@mailtest.co.uk,iacorg-xwrbz_user93@mailtest.co.uk
iacorg-7lre4,42HY2F0,iacorg-7lre4_superuser@mailtest.co.uk,iacorg-xwrbz_user94@mailtest.co.uk
iacorg-tvryt,380ZZJT,iacorg-tvryt_superuser@mailtest.co.uk,iacorg-xwrbz_user96@mailtest.co.uk
iacorg-4azi5,5ZCGAS7,iacorg-4azi5_superuser@mailtest.co.uk,iacorg-xwrbz_user95@mailtest.co.uk
iacorg-tpybr,B1BW6D4,iacorg-tpybr_superuser@mailtest.co.uk,iacorg-xwrbz_user98@mailtest.co.uk
iacorg-xf9pe,TYH0T39,iacorg-xf9pe_superuser@mailtest.co.uk,iacorg-xwrbz_user97@mailtest.co.uk
iacorg-iujsn,Z1ISC5Z,iacorg-iujsn_superuser@mailtest.co.uk,iacorg-bo90b_user100@mailtest.co.uk
iacorg-j7i59,04DDLFG,iacorg-j7i59_superuser@mailtest.co.uk,iacorg-bo90b_user99@mailtest.co.uk
iacorg-tk8ib,SPQP6PA,iacorg-tk8ib_superuser@mailtest.co.uk,iacorg-4gn0z_user101@mailtest.co.uk
iacorg-2wet6,F9S4SXP,iacorg-2wet6_superuser@mailtest.co.uk,iacorg-4gn0z_user102@mailtest.co.uk
iacorg-reisn,H3M1Y7U,iacorg-reisn_superuser@mailtest.co.uk,iacorg-4gn0z_user103@mailtest.co.uk
iacorg-0rlaz,UX7Q6G3,iacorg-0rlaz_superuser@mailtest.co.uk,iacorg-4gn0z_user105@mailtest.co.uk
iacorg-d1pfw,NXM1LS9,iacorg-d1pfw_superuser@mailtest.co.uk,iacorg-4gn0z_user106@mailtest.co.uk
iacorg-vzwew,2WJ15CT,iacorg-vzwew_superuser@mailtest.co.uk,iacorg-4gn0z_user104@mailtest.co.uk
iacorg-a3nzu,C9XRY91,iacorg-a3nzu_superuser@mailtest.co.uk,iacorg-4gn0z_user107@mailtest.co.uk
iacorg-a2xzn,WJ5LDE6,iacorg-a2xzn_superuser@mailtest.co.uk,iacorg-4gn0z_user108@mailtest.co.uk
iacorg-1nora,FW62E2U,iacorg-1nora_superuser@mailtest.co.uk,iacorg-n099j_user109@mailtest.co.uk
iacorg-c5lye,B9I1IOP,iacorg-c5lye_superuser@mailtest.co.uk,iacorg-n099j_user110@mailtest.co.uk
iacorg-f8hlz,C22RJU0,iacorg-f8hlz_superuser@mailtest.co.uk,iacorg-n099j_user111@mailtest.co.uk
iacorg-vntts,ET10UYU,iacorg-vntts_superuser@mailtest.co.uk,iacorg-n099j_user112@mailtest.co.uk
iacorg-wwr79,HB8048M,iacorg-wwr79_superuser@mailtest.co.uk,iacorg-mr6p4_user113@mailtest.co.uk
iacorg-boeg9,E44NQWD,iacorg-boeg9_superuser@mailtest.co.uk,iacorg-5wna9_user114@mailtest.co.uk
iacorg-62nwd,V3IAY1Q,iacorg-62nwd_superuser@mailtest.co.uk,iacorg-5wna9_user115@mailtest.co.uk
iacorg-g9pxj,6ZHQSOC,iacorg-g9pxj_superuser@mailtest.co.uk,iacorg-5wna9_user116@mailtest.co.uk
iacorg-py42v,KP2STFE,iacorg-py42v_superuser@mailtest.co.uk,iacorg-5wna9_user117@mailtest.co.uk
iacorg-womtb,UPEZOU8,iacorg-womtb_superuser@mailtest.co.uk,iacorg-5wna9_user118@mailtest.co.uk
iacorg-jpdfh,Y9PXSBV,iacorg-jpdfh_superuser@mailtest.co.uk,iacorg-5wna9_user119@mailtest.co.uk
iacorg-sy4j1,F3UMMS3,iacorg-sy4j1_superuser@mailtest.co.uk,iacorg-8v8j4_user120@mailtest.co.uk
iacorg-nsvt0,B5JSSVB,iacorg-nsvt0_superuser@mailtest.co.uk,iacorg-8v8j4_user122@mailtest.co.uk
iacorg-fon06,Q1AQMDF,iacorg-fon06_superuser@mailtest.co.uk,iacorg-8v8j4_user121@mailtest.co.uk
iacorg-brlaf,B1LQW4E,iacorg-brlaf_superuser@mailtest.co.uk,iacorg-8v8j4_user123@mailtest.co.uk
iacorg-sarx6,H1Q2A07,iacorg-sarx6_superuser@mailtest.co.uk,iacorg-8v8j4_user124@mailtest.co.uk
iacorg-hj53q,VYJT6R6,iacorg-hj53q_superuser@mailtest.co.uk,iacorg-8v8j4_user125@mailtest.co.uk
iacorg-dwd63,REKPA64,iacorg-dwd63_superuser@mailtest.co.uk,iacorg-8v8j4_user126@mailtest.co.uk
iacorg-d2t6u,8HUJRR8,iacorg-d2t6u_superuser@mailtest.co.uk,iacorg-8v8j4_user127@mailtest.co.uk
iacorg-w3die,WYJM2JH,iacorg-w3die_superuser@mailtest.co.uk,iacorg-8v8j4_user129@mailtest.co.uk
iacorg-n9k5z,F4HB067,iacorg-n9k5z_superuser@mailtest.co.uk,iacorg-8v8j4_user128@mailtest.co.uk
iacorg-jc0ee,SQ05S5S,iacorg-jc0ee_superuser@mailtest.co.uk,iacorg-bzlet_user130@mailtest.co.uk
iacorg-8zmsl,Z8RUAAI,iacorg-8zmsl_superuser@mailtest.co.uk,iacorg-bzlet_user131@mailtest.co.uk
iacorg-tvryt,380ZZJT,iacorg-tvryt_superuser@mailtest.co.uk,iacorg-bzlet_user133@mailtest.co.uk
iacorg-tpybr,B1BW6D4,iacorg-tpybr_superuser@mailtest.co.uk,iacorg-z86ir_user135@mailtest.co.uk
iacorg-2ylha,8V73R5G,iacorg-2ylha_superuser@mailtest.co.uk,iacorg-bzlet_user132@mailtest.co.uk
iacorg-4azi5,5ZCGAS7,iacorg-4azi5_superuser@mailtest.co.uk,iacorg-z86ir_user134@mailtest.co.uk
iacorg-xf9pe,TYH0T39,iacorg-xf9pe_superuser@mailtest.co.uk,iacorg-z86ir_user136@mailtest.co.uk
iacorg-xwrbz,8JTE0IA,iacorg-xwrbz_superuser@mailtest.co.uk,iacorg-z86ir_user137@mailtest.co.uk
iacorg-iujsn,Z1ISC5Z,iacorg-iujsn_superuser@mailtest.co.uk,iacorg-2buwg_user138@mailtest.co.uk
iacorg-j7i59,04DDLFG,iacorg-j7i59_superuser@mailtest.co.uk,iacorg-2buwg_user139@mailtest.co.uk
iacorg-reisn,H3M1Y7U,iacorg-reisn_superuser@mailtest.co.uk,iacorg-2buwg_user140@mailtest.co.uk
iacorg-d1pfw,NXM1LS9,iacorg-d1pfw_superuser@mailtest.co.uk,iacorg-spmre_user142@mailtest.co.uk
iacorg-0rlaz,UX7Q6G3,iacorg-0rlaz_superuser@mailtest.co.uk,iacorg-2buwg_user141@mailtest.co.uk
iacorg-vzwew,2WJ15CT,iacorg-vzwew_superuser@mailtest.co.uk,iacorg-spmre_user143@mailtest.co.uk
iacorg-a3nzu,C9XRY91,iacorg-a3nzu_superuser@mailtest.co.uk,iacorg-spmre_user144@mailtest.co.uk
iacorg-bo90b,EWRJD4O,iacorg-bo90b_superuser@mailtest.co.uk,iacorg-spmre_user146@mailtest.co.uk
iacorg-a2xzn,WJ5LDE6,iacorg-a2xzn_superuser@mailtest.co.uk,iacorg-spmre_user145@mailtest.co.uk
iacorg-4gn0z,LL1T96E,iacorg-4gn0z_superuser@mailtest.co.uk,iacorg-spmre_user147@mailtest.co.uk
iacorg-c5lye,B9I1IOP,iacorg-c5lye_superuser@mailtest.co.uk,iacorg-5om01_user148@mailtest.co.uk
iacorg-vntts,ET10UYU,iacorg-vntts_superuser@mailtest.co.uk,iacorg-5om01_user150@mailtest.co.uk
iacorg-f8hlz,C22RJU0,iacorg-f8hlz_superuser@mailtest.co.uk,iacorg-5om01_user149@mailtest.co.uk
iacorg-boeg9,E44NQWD,iacorg-boeg9_superuser@mailtest.co.uk,iacorg-5om01_user151@mailtest.co.uk
iacorg-62nwd,V3IAY1Q,iacorg-62nwd_superuser@mailtest.co.uk,iacorg-5om01_user152@mailtest.co.uk
iacorg-n099j,LX6TTW1,iacorg-n099j_superuser@mailtest.co.uk,iacorg-1oih1_user154@mailtest.co.uk
iacorg-py42v,KP2STFE,iacorg-py42v_superuser@mailtest.co.uk,iacorg-1oih1_user153@mailtest.co.uk
iacorg-jpdfh,Y9PXSBV,iacorg-jpdfh_superuser@mailtest.co.uk,iacorg-1oih1_user156@mailtest.co.uk
iacorg-mr6p4,DXR01IC,iacorg-mr6p4_superuser@mailtest.co.uk,iacorg-1oih1_user157@mailtest.co.uk
iacorg-womtb,UPEZOU8,iacorg-womtb_superuser@mailtest.co.uk,iacorg-1oih1_user155@mailtest.co.uk
iacorg-nsvt0,B5JSSVB,iacorg-nsvt0_superuser@mailtest.co.uk,iacorg-c1bbd_user159@mailtest.co.uk
iacorg-sy4j1,F3UMMS3,iacorg-sy4j1_superuser@mailtest.co.uk,iacorg-c1bbd_user158@mailtest.co.uk
iacorg-fon06,Q1AQMDF,iacorg-fon06_superuser@mailtest.co.uk,iacorg-c1bbd_user160@mailtest.co.uk
iacorg-5wna9,Z2U6WD7,iacorg-5wna9_superuser@mailtest.co.uk,iacorg-c1bbd_user161@mailtest.co.uk
iacorg-brlaf,B1LQW4E,iacorg-brlaf_superuser@mailtest.co.uk,iacorg-c1bbd_user162@mailtest.co.uk
iacorg-sarx6,H1Q2A07,iacorg-sarx6_superuser@mailtest.co.uk,iacorg-c1bbd_user163@mailtest.co.uk
iacorg-hj53q,VYJT6R6,iacorg-hj53q_superuser@mailtest.co.uk,iacorg-paiyq_user164@mailtest.co.uk
iacorg-n9k5z,F4HB067,iacorg-n9k5z_superuser@mailtest.co.uk,iacorg-paiyq_user168@mailtest.co.uk
iacorg-8v8j4,N8WO0UV,iacorg-8v8j4_superuser@mailtest.co.uk,iacorg-paiyq_user165@mailtest.co.uk
iacorg-w3die,WYJM2JH,iacorg-w3die_superuser@mailtest.co.uk,iacorg-paiyq_user167@mailtest.co.uk
iacorg-d2t6u,8HUJRR8,iacorg-d2t6u_superuser@mailtest.co.uk,iacorg-paiyq_user166@mailtest.co.uk
iacorg-jc0ee,SQ05S5S,iacorg-jc0ee_superuser@mailtest.co.uk,iacorg-lf6kc_user169@mailtest.co.uk
iacorg-tvryt,380ZZJT,iacorg-tvryt_superuser@mailtest.co.uk,iacorg-cdkc3_user170@mailtest.co.uk
iacorg-tpybr,B1BW6D4,iacorg-tpybr_superuser@mailtest.co.uk,iacorg-cdkc3_user171@mailtest.co.uk
iacorg-xf9pe,TYH0T39,iacorg-xf9pe_superuser@mailtest.co.uk,iacorg-cdkc3_user173@mailtest.co.uk
iacorg-xwrbz,8JTE0IA,iacorg-xwrbz_superuser@mailtest.co.uk,iacorg-cdkc3_user174@mailtest.co.uk
iacorg-4azi5,5ZCGAS7,iacorg-4azi5_superuser@mailtest.co.uk,iacorg-cdkc3_user172@mailtest.co.uk
iacorg-bzlet,UJ6XEOY,iacorg-bzlet_superuser@mailtest.co.uk,iacorg-cdkc3_user175@mailtest.co.uk
iacorg-j7i59,04DDLFG,iacorg-j7i59_superuser@mailtest.co.uk,iacorg-cdkc3_user176@mailtest.co.uk
iacorg-reisn,H3M1Y7U,iacorg-reisn_superuser@mailtest.co.uk,iacorg-3g9fp_user177@mailtest.co.uk
iacorg-z86ir,F7AB4AI,iacorg-z86ir_superuser@mailtest.co.uk,iacorg-3g9fp_user179@mailtest.co.uk
iacorg-vzwew,2WJ15CT,iacorg-vzwew_superuser@mailtest.co.uk,iacorg-3g9fp_user180@mailtest.co.uk
iacorg-0rlaz,UX7Q6G3,iacorg-0rlaz_superuser@mailtest.co.uk,iacorg-3g9fp_user178@mailtest.co.uk
iacorg-a3nzu,C9XRY91,iacorg-a3nzu_superuser@mailtest.co.uk,iacorg-3g9fp_user181@mailtest.co.uk
iacorg-bo90b,EWRJD4O,iacorg-bo90b_superuser@mailtest.co.uk,iacorg-4qr34_user182@mailtest.co.uk
iacorg-a2xzn,WJ5LDE6,iacorg-a2xzn_superuser@mailtest.co.uk,iacorg-4qr34_user183@mailtest.co.uk
iacorg-4gn0z,LL1T96E,iacorg-4gn0z_superuser@mailtest.co.uk,iacorg-4qr34_user184@mailtest.co.uk
iacorg-2buwg,I6YDATD,iacorg-2buwg_superuser@mailtest.co.uk,iacorg-4qr34_user185@mailtest.co.uk
iacorg-c5lye,B9I1IOP,iacorg-c5lye_superuser@mailtest.co.uk,iacorg-4qr34_user186@mailtest.co.uk
iacorg-spmre,B2W4CSY,iacorg-spmre_superuser@mailtest.co.uk,iacorg-4qr34_user187@mailtest.co.uk
iacorg-vntts,ET10UYU,iacorg-vntts_superuser@mailtest.co.uk,iacorg-z6hmm_user188@mailtest.co.uk
iacorg-boeg9,E44NQWD,iacorg-boeg9_superuser@mailtest.co.uk,iacorg-z6hmm_user189@mailtest.co.uk
iacorg-62nwd,V3IAY1Q,iacorg-62nwd_superuser@mailtest.co.uk,iacorg-z6hmm_user190@mailtest.co.uk
iacorg-n099j,LX6TTW1,iacorg-n099j_superuser@mailtest.co.uk,iacorg-iesp1_user191@mailtest.co.uk
iacorg-5om01,45OVI5Q,iacorg-5om01_superuser@mailtest.co.uk,iacorg-iesp1_user192@mailtest.co.uk
iacorg-nsvt0,B5JSSVB,iacorg-nsvt0_superuser@mailtest.co.uk,iacorg-iesp1_user196@mailtest.co.uk
iacorg-mr6p4,DXR01IC,iacorg-mr6p4_superuser@mailtest.co.uk,iacorg-iesp1_user194@mailtest.co.uk
iacorg-womtb,UPEZOU8,iacorg-womtb_superuser@mailtest.co.uk,iacorg-iesp1_user195@mailtest.co.uk
iacorg-jpdfh,Y9PXSBV,iacorg-jpdfh_superuser@mailtest.co.uk,iacorg-iesp1_user193@mailtest.co.uk
iacorg-sy4j1,F3UMMS3,iacorg-sy4j1_superuser@mailtest.co.uk,iacorg-iesp1_user197@mailtest.co.uk
iacorg-fon06,Q1AQMDF,iacorg-fon06_superuser@mailtest.co.uk,iacorg-jngj9_user198@mailtest.co.uk
iacorg-1oih1,MBEQ7OG,iacorg-1oih1_superuser@mailtest.co.uk,iacorg-jngj9_user199@mailtest.co.uk
iacorg-sarx6,H1Q2A07,iacorg-sarx6_superuser@mailtest.co.uk,iacorg-jngj9_user201@mailtest.co.uk
iacorg-5wna9,Z2U6WD7,iacorg-5wna9_superuser@mailtest.co.uk,iacorg-jngj9_user200@mailtest.co.uk
iacorg-hj53q,VYJT6R6,iacorg-hj53q_superuser@mailtest.co.uk,iacorg-jngj9_user202@mailtest.co.uk
iacorg-c1bbd,2OKPA2A,iacorg-c1bbd_superuser@mailtest.co.uk,iacorg-zp6zf_user203@mailtest.co.uk
iacorg-w3die,WYJM2JH,iacorg-w3die_superuser@mailtest.co.uk,iacorg-zp6zf_user205@mailtest.co.uk
iacorg-d2t6u,8HUJRR8,iacorg-d2t6u_superuser@mailtest.co.uk,iacorg-zp6zf_user206@mailtest.co.uk
iacorg-8v8j4,N8WO0UV,iacorg-8v8j4_superuser@mailtest.co.uk,iacorg-zp6zf_user204@mailtest.co.uk
iacorg-jc0ee,SQ05S5S,iacorg-jc0ee_superuser@mailtest.co.uk,iacorg-w9qhc_user207@mailtest.co.uk
iacorg-paiyq,7OMNW9X,iacorg-paiyq_superuser@mailtest.co.uk,iacorg-w9qhc_user208@mailtest.co.uk
iacorg-tpybr,B1BW6D4,iacorg-tpybr_superuser@mailtest.co.uk,iacorg-w9qhc_user209@mailtest.co.uk
iacorg-xwrbz,8JTE0IA,iacorg-xwrbz_superuser@mailtest.co.uk,iacorg-w9qhc_user210@mailtest.co.uk
iacorg-bzlet,UJ6XEOY,iacorg-bzlet_superuser@mailtest.co.uk,iacorg-w9qhc_user212@mailtest.co.uk
iacorg-lf6kc,UF85YSX,iacorg-lf6kc_superuser@mailtest.co.uk,iacorg-w9qhc_user213@mailtest.co.uk
iacorg-4azi5,5ZCGAS7,iacorg-4azi5_superuser@mailtest.co.uk,iacorg-w9qhc_user211@mailtest.co.uk
iacorg-j7i59,04DDLFG,iacorg-j7i59_superuser@mailtest.co.uk,iacorg-j2fps_user214@mailtest.co.uk
iacorg-cdkc3,7T4AH4W,iacorg-cdkc3_superuser@mailtest.co.uk,iacorg-j2fps_user215@mailtest.co.uk
iacorg-reisn,H3M1Y7U,iacorg-reisn_superuser@mailtest.co.uk,iacorg-j2fps_user216@mailtest.co.uk
iacorg-z86ir,F7AB4AI,iacorg-z86ir_superuser@mailtest.co.uk,iacorg-j2fps_user217@mailtest.co.uk
iacorg-0rlaz,UX7Q6G3,iacorg-0rlaz_superuser@mailtest.co.uk,iacorg-ytvpl_user218@mailtest.co.uk
iacorg-bo90b,EWRJD4O,iacorg-bo90b_superuser@mailtest.co.uk,iacorg-ytvpl_user219@mailtest.co.uk
iacorg-a2xzn,WJ5LDE6,iacorg-a2xzn_superuser@mailtest.co.uk,iacorg-ytvpl_user220@mailtest.co.uk
iacorg-4gn0z,LL1T96E,iacorg-4gn0z_superuser@mailtest.co.uk,iacorg-ytvpl_user221@mailtest.co.uk
iacorg-2buwg,I6YDATD,iacorg-2buwg_superuser@mailtest.co.uk,iacorg-ytvpl_user222@mailtest.co.uk
iacorg-3g9fp,2GW3I23,iacorg-3g9fp_superuser@mailtest.co.uk,iacorg-vxdpo_user223@mailtest.co.uk
iacorg-c5lye,B9I1IOP,iacorg-c5lye_superuser@mailtest.co.uk,iacorg-vxdpo_user224@mailtest.co.uk
iacorg-spmre,B2W4CSY,iacorg-spmre_superuser@mailtest.co.uk,iacorg-vxdpo_user225@mailtest.co.uk
iacorg-vntts,ET10UYU,iacorg-vntts_superuser@mailtest.co.uk,iacorg-vxdpo_user226@mailtest.co.uk
iacorg-4qr34,A6WTPX2,iacorg-4qr34_superuser@mailtest.co.uk,iacorg-vxdpo_user227@mailtest.co.uk
iacorg-boeg9,E44NQWD,iacorg-boeg9_superuser@mailtest.co.uk,iacorg-m8dps_user228@mailtest.co.uk
iacorg-n099j,LX6TTW1,iacorg-n099j_superuser@mailtest.co.uk,iacorg-m8dps_user229@mailtest.co.uk
iacorg-5om01,45OVI5Q,iacorg-5om01_superuser@mailtest.co.uk,iacorg-m8dps_user230@mailtest.co.uk
iacorg-mr6p4,DXR01IC,iacorg-mr6p4_superuser@mailtest.co.uk,iacorg-m8dps_user231@mailtest.co.uk
iacorg-jpdfh,Y9PXSBV,iacorg-jpdfh_superuser@mailtest.co.uk,iacorg-m8dps_user232@mailtest.co.uk
iacorg-z6hmm,DWA4JU9,iacorg-z6hmm_superuser@mailtest.co.uk,iacorg-m8dps_user233@mailtest.co.uk
iacorg-sy4j1,F3UMMS3,iacorg-sy4j1_superuser@mailtest.co.uk,iacorg-gubcs_user234@mailtest.co.uk
iacorg-fon06,Q1AQMDF,iacorg-fon06_superuser@mailtest.co.uk,iacorg-gubcs_user235@mailtest.co.uk
iacorg-5wna9,Z2U6WD7,iacorg-5wna9_superuser@mailtest.co.uk,iacorg-gubcs_user239@mailtest.co.uk
iacorg-1oih1,MBEQ7OG,iacorg-1oih1_superuser@mailtest.co.uk,iacorg-gubcs_user236@mailtest.co.uk
iacorg-sarx6,H1Q2A07,iacorg-sarx6_superuser@mailtest.co.uk,iacorg-gubcs_user238@mailtest.co.uk
iacorg-iesp1,5PDS3UF,iacorg-iesp1_superuser@mailtest.co.uk,iacorg-gubcs_user237@mailtest.co.uk
iacorg-c1bbd,2OKPA2A,iacorg-c1bbd_superuser@mailtest.co.uk,iacorg-az6di_user240@mailtest.co.uk
iacorg-w3die,WYJM2JH,iacorg-w3die_superuser@mailtest.co.uk,iacorg-az6di_user241@mailtest.co.uk
iacorg-8v8j4,N8WO0UV,iacorg-8v8j4_superuser@mailtest.co.uk,iacorg-az6di_user243@mailtest.co.uk
iacorg-d2t6u,8HUJRR8,iacorg-d2t6u_superuser@mailtest.co.uk,iacorg-az6di_user242@mailtest.co.uk
iacorg-jc0ee,SQ05S5S,iacorg-jc0ee_superuser@mailtest.co.uk,iacorg-10tqt_user244@mailtest.co.uk
iacorg-paiyq,7OMNW9X,iacorg-paiyq_superuser@mailtest.co.uk,iacorg-10tqt_user245@mailtest.co.uk
iacorg-jngj9,CWSDIT8,iacorg-jngj9_superuser@mailtest.co.uk,iacorg-10tqt_user247@mailtest.co.uk
iacorg-zp6zf,S1FF9PX,iacorg-zp6zf_superuser@mailtest.co.uk,iacorg-10tqt_user246@mailtest.co.uk
iacorg-xwrbz,8JTE0IA,iacorg-xwrbz_superuser@mailtest.co.uk,iacorg-10tqt_user248@mailtest.co.uk
iacorg-bzlet,UJ6XEOY,iacorg-bzlet_superuser@mailtest.co.uk,iacorg-10tqt_user249@mailtest.co.uk
iacorg-w9qhc,MYUF7UY,iacorg-w9qhc_superuser@mailtest.co.uk,iacorg-ievej_user250@mailtest.co.uk
iacorg-lf6kc,UF85YSX,iacorg-lf6kc_superuser@mailtest.co.uk,iacorg-ievej_user251@mailtest.co.uk
iacorg-4azi5,5ZCGAS7,iacorg-4azi5_superuser@mailtest.co.uk,iacorg-ievej_user252@mailtest.co.uk
iacorg-j7i59,04DDLFG,iacorg-j7i59_superuser@mailtest.co.uk,iacorg-ievej_user253@mailtest.co.uk
iacorg-cdkc3,7T4AH4W,iacorg-cdkc3_superuser@mailtest.co.uk,iacorg-ievej_user254@mailtest.co.uk
iacorg-z86ir,F7AB4AI,iacorg-z86ir_superuser@mailtest.co.uk,iacorg-vwcz6_user255@mailtest.co.uk
iacorg-a2xzn,WJ5LDE6,iacorg-a2xzn_superuser@mailtest.co.uk,iacorg-vwcz6_user257@mailtest.co.uk
iacorg-bo90b,EWRJD4O,iacorg-bo90b_superuser@mailtest.co.uk,iacorg-vwcz6_user256@mailtest.co.uk
iacorg-4gn0z,LL1T96E,iacorg-4gn0z_superuser@mailtest.co.uk,iacorg-is1aj_user258@mailtest.co.uk
iacorg-j2fps,P6UN1FK,iacorg-j2fps_superuser@mailtest.co.uk,iacorg-is1aj_user259@mailtest.co.uk
iacorg-2buwg,I6YDATD,iacorg-2buwg_superuser@mailtest.co.uk,iacorg-is1aj_user260@mailtest.co.uk
iacorg-3g9fp,2GW3I23,iacorg-3g9fp_superuser@mailtest.co.uk,iacorg-is1aj_user261@mailtest.co.uk
iacorg-spmre,B2W4CSY,iacorg-spmre_superuser@mailtest.co.uk,iacorg-is1aj_user263@mailtest.co.uk
iacorg-c5lye,B9I1IOP,iacorg-c5lye_superuser@mailtest.co.uk,iacorg-is1aj_user262@mailtest.co.uk
iacorg-ytvpl,UK09CPB,iacorg-ytvpl_superuser@mailtest.co.uk,iacorg-is1aj_user264@mailtest.co.uk
iacorg-4qr34,A6WTPX2,iacorg-4qr34_superuser@mailtest.co.uk,iacorg-is1aj_user265@mailtest.co.uk
iacorg-vxdpo,39SH4E0,iacorg-vxdpo_superuser@mailtest.co.uk,iacorg-3k5ul_user266@mailtest.co.uk
iacorg-5om01,45OVI5Q,iacorg-5om01_superuser@mailtest.co.uk,iacorg-3k5ul_user268@mailtest.co.uk
iacorg-n099j,LX6TTW1,iacorg-n099j_superuser@mailtest.co.uk,iacorg-3k5ul_user267@mailtest.co.uk
iacorg-mr6p4,DXR01IC,iacorg-mr6p4_superuser@mailtest.co.uk,iacorg-3k5ul_user269@mailtest.co.uk
iacorg-z6hmm,DWA4JU9,iacorg-z6hmm_superuser@mailtest.co.uk,iacorg-3k5ul_user271@mailtest.co.uk
iacorg-jpdfh,Y9PXSBV,iacorg-jpdfh_superuser@mailtest.co.uk,iacorg-3k5ul_user270@mailtest.co.uk
iacorg-m8dps,3WI32WW,iacorg-m8dps_superuser@mailtest.co.uk,iacorg-732au_user272@mailtest.co.uk
iacorg-fon06,Q1AQMDF,iacorg-fon06_superuser@mailtest.co.uk,iacorg-732au_user273@mailtest.co.uk
iacorg-1oih1,MBEQ7OG,iacorg-1oih1_superuser@mailtest.co.uk,iacorg-tpfnx_user275@mailtest.co.uk
iacorg-5wna9,Z2U6WD7,iacorg-5wna9_superuser@mailtest.co.uk,iacorg-tpfnx_user274@mailtest.co.uk
iacorg-iesp1,5PDS3UF,iacorg-iesp1_superuser@mailtest.co.uk,iacorg-tpfnx_user276@mailtest.co.uk
iacorg-gubcs,XP5M9B6,iacorg-gubcs_superuser@mailtest.co.uk,iacorg-tpfnx_user277@mailtest.co.uk
iacorg-c1bbd,2OKPA2A,iacorg-c1bbd_superuser@mailtest.co.uk,iacorg-zaq70_user278@mailtest.co.uk
iacorg-8v8j4,N8WO0UV,iacorg-8v8j4_superuser@mailtest.co.uk,iacorg-zaq70_user279@mailtest.co.uk
iacorg-d2t6u,8HUJRR8,iacorg-d2t6u_superuser@mailtest.co.uk,iacorg-zaq70_user280@mailtest.co.uk
iacorg-jc0ee,SQ05S5S,iacorg-jc0ee_superuser@mailtest.co.uk,iacorg-zaq70_user281@mailtest.co.uk
iacorg-az6di,CJL9V7I,iacorg-az6di_superuser@mailtest.co.uk,iacorg-zaq70_user282@mailtest.co.uk
iacorg-paiyq,7OMNW9X,iacorg-paiyq_superuser@mailtest.co.uk,iacorg-zaq70_user283@mailtest.co.uk
iacorg-jngj9,CWSDIT8,iacorg-jngj9_superuser@mailtest.co.uk,iacorg-6l82x_user284@mailtest.co.uk
iacorg-zp6zf,S1FF9PX,iacorg-zp6zf_superuser@mailtest.co.uk,iacorg-6l82x_user285@mailtest.co.uk
iacorg-xwrbz,8JTE0IA,iacorg-xwrbz_superuser@mailtest.co.uk,iacorg-9b09y_user286@mailtest.co.uk
iacorg-10tqt,MGMZ1WF,iacorg-10tqt_superuser@mailtest.co.uk,iacorg-9b09y_user287@mailtest.co.uk
iacorg-bzlet,UJ6XEOY,iacorg-bzlet_superuser@mailtest.co.uk,iacorg-9b09y_user288@mailtest.co.uk
iacorg-w9qhc,MYUF7UY,iacorg-w9qhc_superuser@mailtest.co.uk,iacorg-9b09y_user289@mailtest.co.uk
iacorg-lf6kc,UF85YSX,iacorg-lf6kc_superuser@mailtest.co.uk,iacorg-9b09y_user290@mailtest.co.uk
iacorg-cdkc3,7T4AH4W,iacorg-cdkc3_superuser@mailtest.co.uk,iacorg-wxvhf_user291@mailtest.co.uk
iacorg-z86ir,F7AB4AI,iacorg-z86ir_superuser@mailtest.co.uk,iacorg-wxvhf_user292@mailtest.co.uk
iacorg-bo90b,EWRJD4O,iacorg-bo90b_superuser@mailtest.co.uk,iacorg-wxvhf_user293@mailtest.co.uk
iacorg-ievej,MOAFM38,iacorg-ievej_superuser@mailtest.co.uk,iacorg-wxvhf_user294@mailtest.co.uk
iacorg-4gn0z,LL1T96E,iacorg-4gn0z_superuser@mailtest.co.uk,iacorg-wxvhf_user295@mailtest.co.uk
iacorg-j2fps,P6UN1FK,iacorg-j2fps_superuser@mailtest.co.uk,iacorg-wxvhf_user296@mailtest.co.uk
iacorg-2buwg,I6YDATD,iacorg-2buwg_superuser@mailtest.co.uk,iacorg-wxvhf_user297@mailtest.co.uk
iacorg-3g9fp,2GW3I23,iacorg-3g9fp_superuser@mailtest.co.uk,iacorg-wxvhf_user298@mailtest.co.uk
iacorg-spmre,B2W4CSY,iacorg-spmre_superuser@mailtest.co.uk,iacorg-5dc7k_user299@mailtest.co.uk
iacorg-vwcz6,N7AL9FP,iacorg-vwcz6_superuser@mailtest.co.uk,iacorg-5dc7k_user300@mailtest.co.uk
iacorg-ytvpl,UK09CPB,iacorg-ytvpl_superuser@mailtest.co.uk,iacorg-5dc7k_user301@mailtest.co.uk
iacorg-4qr34,A6WTPX2,iacorg-4qr34_superuser@mailtest.co.uk,iacorg-5dc7k_user302@mailtest.co.uk
iacorg-is1aj,63DML07,iacorg-is1aj_superuser@mailtest.co.uk,iacorg-5dc7k_user303@mailtest.co.uk
iacorg-vxdpo,39SH4E0,iacorg-vxdpo_superuser@mailtest.co.uk,iacorg-rugbr_user304@mailtest.co.uk
iacorg-n099j,LX6TTW1,iacorg-n099j_superuser@mailtest.co.uk,iacorg-rugbr_user306@mailtest.co.uk
iacorg-5om01,45OVI5Q,iacorg-5om01_superuser@mailtest.co.uk,iacorg-rugbr_user305@mailtest.co.uk
iacorg-mr6p4,DXR01IC,iacorg-mr6p4_superuser@mailtest.co.uk,iacorg-rugbr_user307@mailtest.co.uk
iacorg-z6hmm,DWA4JU9,iacorg-z6hmm_superuser@mailtest.co.uk,iacorg-rugbr_user308@mailtest.co.uk
iacorg-3k5ul,AT3UOMU,iacorg-3k5ul_superuser@mailtest.co.uk,iacorg-2azt8_user309@mailtest.co.uk
iacorg-m8dps,3WI32WW,iacorg-m8dps_superuser@mailtest.co.uk,iacorg-2azt8_user310@mailtest.co.uk
iacorg-1oih1,MBEQ7OG,iacorg-1oih1_superuser@mailtest.co.uk,iacorg-ipu7s_user311@mailtest.co.uk
iacorg-5wna9,Z2U6WD7,iacorg-5wna9_superuser@mailtest.co.uk,iacorg-ipu7s_user312@mailtest.co.uk
iacorg-iesp1,5PDS3UF,iacorg-iesp1_superuser@mailtest.co.uk,iacorg-ipu7s_user313@mailtest.co.uk
iacorg-gubcs,XP5M9B6,iacorg-gubcs_superuser@mailtest.co.uk,iacorg-ipu7s_user315@mailtest.co.uk
iacorg-732au,N3GVXT9,iacorg-732au_superuser@mailtest.co.uk,iacorg-ipu7s_user314@mailtest.co.uk
iacorg-c1bbd,2OKPA2A,iacorg-c1bbd_superuser@mailtest.co.uk,iacorg-ipu7s_user316@mailtest.co.uk
iacorg-8v8j4,N8WO0UV,iacorg-8v8j4_superuser@mailtest.co.uk,iacorg-ipu7s_user317@mailtest.co.uk
iacorg-tpfnx,GTEN1Y0,iacorg-tpfnx_superuser@mailtest.co.uk,iacorg-8f17c_user318@mailtest.co.uk
iacorg-az6di,CJL9V7I,iacorg-az6di_superuser@mailtest.co.uk,iacorg-8f17c_user319@mailtest.co.uk
iacorg-paiyq,7OMNW9X,iacorg-paiyq_superuser@mailtest.co.uk,iacorg-8f17c_user320@mailtest.co.uk
iacorg-zaq70,E0SDZ9N,iacorg-zaq70_superuser@mailtest.co.uk,iacorg-8f17c_user321@mailtest.co.uk
iacorg-jngj9,CWSDIT8,iacorg-jngj9_superuser@mailtest.co.uk,iacorg-8f17c_user322@mailtest.co.uk
iacorg-zp6zf,S1FF9PX,iacorg-zp6zf_superuser@mailtest.co.uk,iacorg-8f17c_user323@mailtest.co.uk
iacorg-10tqt,MGMZ1WF,iacorg-10tqt_superuser@mailtest.co.uk,iacorg-mo6c0_user324@mailtest.co.uk
iacorg-bzlet,UJ6XEOY,iacorg-bzlet_superuser@mailtest.co.uk,iacorg-mo6c0_user325@mailtest.co.uk
iacorg-w9qhc,MYUF7UY,iacorg-w9qhc_superuser@mailtest.co.uk,iacorg-mo6c0_user326@mailtest.co.uk
iacorg-lf6kc,UF85YSX,iacorg-lf6kc_superuser@mailtest.co.uk,iacorg-mo6c0_user327@mailtest.co.uk
iacorg-cdkc3,7T4AH4W,iacorg-cdkc3_superuser@mailtest.co.uk,iacorg-mo6c0_user328@mailtest.co.uk
iacorg-6l82x,QS0E0SP,iacorg-6l82x_superuser@mailtest.co.uk,iacorg-mo6c0_user329@mailtest.co.uk
iacorg-9b09y,MB2JXZP,iacorg-9b09y_superuser@mailtest.co.uk,iacorg-lgjyx_user330@mailtest.co.uk
iacorg-z86ir,F7AB4AI,iacorg-z86ir_superuser@mailtest.co.uk,iacorg-lgjyx_user331@mailtest.co.uk
iacorg-ievej,MOAFM38,iacorg-ievej_superuser@mailtest.co.uk,iacorg-lgjyx_user332@mailtest.co.uk
iacorg-j2fps,P6UN1FK,iacorg-j2fps_superuser@mailtest.co.uk,iacorg-zy64n_user333@mailtest.co.uk
iacorg-2buwg,I6YDATD,iacorg-2buwg_superuser@mailtest.co.uk,iacorg-zy64n_user334@mailtest.co.uk
iacorg-3g9fp,2GW3I23,iacorg-3g9fp_superuser@mailtest.co.uk,iacorg-zy64n_user335@mailtest.co.uk
iacorg-wxvhf,GXE7P6R,iacorg-wxvhf_superuser@mailtest.co.uk,iacorg-imipt_user336@mailtest.co.uk
iacorg-spmre,B2W4CSY,iacorg-spmre_superuser@mailtest.co.uk,iacorg-imipt_user337@mailtest.co.uk
iacorg-ytvpl,UK09CPB,iacorg-ytvpl_superuser@mailtest.co.uk,iacorg-imipt_user339@mailtest.co.uk
iacorg-vwcz6,N7AL9FP,iacorg-vwcz6_superuser@mailtest.co.uk,iacorg-imipt_user338@mailtest.co.uk
iacorg-4qr34,A6WTPX2,iacorg-4qr34_superuser@mailtest.co.uk,iacorg-imipt_user340@mailtest.co.uk
iacorg-is1aj,63DML07,iacorg-is1aj_superuser@mailtest.co.uk,iacorg-imipt_user341@mailtest.co.uk
iacorg-vxdpo,39SH4E0,iacorg-vxdpo_superuser@mailtest.co.uk,iacorg-c83gh_user342@mailtest.co.uk
iacorg-5dc7k,64I46DI,iacorg-5dc7k_superuser@mailtest.co.uk,iacorg-c83gh_user343@mailtest.co.uk
iacorg-5om01,45OVI5Q,iacorg-5om01_superuser@mailtest.co.uk,iacorg-c83gh_user344@mailtest.co.uk
iacorg-z6hmm,DWA4JU9,iacorg-z6hmm_superuser@mailtest.co.uk,iacorg-c83gh_user345@mailtest.co.uk
iacorg-rugbr,1JQ1T15,iacorg-rugbr_superuser@mailtest.co.uk,iacorg-c83gh_user346@mailtest.co.uk
iacorg-3k5ul,AT3UOMU,iacorg-3k5ul_superuser@mailtest.co.uk,iacorg-c83gh_user347@mailtest.co.uk
iacorg-m8dps,3WI32WW,iacorg-m8dps_superuser@mailtest.co.uk,iacorg-c83gh_user348@mailtest.co.uk
iacorg-1oih1,MBEQ7OG,iacorg-1oih1_superuser@mailtest.co.uk,iacorg-vao8m_user349@mailtest.co.uk
iacorg-iesp1,5PDS3UF,iacorg-iesp1_superuser@mailtest.co.uk,iacorg-vao8m_user350@mailtest.co.uk
iacorg-2azt8,VNIF250,iacorg-2azt8_superuser@mailtest.co.uk,iacorg-vao8m_user351@mailtest.co.uk
iacorg-gubcs,XP5M9B6,iacorg-gubcs_superuser@mailtest.co.uk,iacorg-vao8m_user352@mailtest.co.uk
iacorg-732au,N3GVXT9,iacorg-732au_superuser@mailtest.co.uk,iacorg-vao8m_user353@mailtest.co.uk
iacorg-c1bbd,2OKPA2A,iacorg-c1bbd_superuser@mailtest.co.uk,iacorg-vao8m_user354@mailtest.co.uk
iacorg-ipu7s,X8UWLI7,iacorg-ipu7s_superuser@mailtest.co.uk,iacorg-fmol8_user355@mailtest.co.uk
iacorg-tpfnx,GTEN1Y0,iacorg-tpfnx_superuser@mailtest.co.uk,iacorg-fmol8_user356@mailtest.co.uk
iacorg-az6di,CJL9V7I,iacorg-az6di_superuser@mailtest.co.uk,iacorg-fmol8_user357@mailtest.co.uk
iacorg-paiyq,7OMNW9X,iacorg-paiyq_superuser@mailtest.co.uk,iacorg-fmol8_user358@mailtest.co.uk
iacorg-zaq70,E0SDZ9N,iacorg-zaq70_superuser@mailtest.co.uk,iacorg-aunqf_user359@mailtest.co.uk
iacorg-jngj9,CWSDIT8,iacorg-jngj9_superuser@mailtest.co.uk,iacorg-aunqf_user360@mailtest.co.uk
iacorg-zp6zf,S1FF9PX,iacorg-zp6zf_superuser@mailtest.co.uk,iacorg-aunqf_user361@mailtest.co.uk
iacorg-10tqt,MGMZ1WF,iacorg-10tqt_superuser@mailtest.co.uk,iacorg-aunqf_user362@mailtest.co.uk
iacorg-8f17c,1PLN1KD,iacorg-8f17c_superuser@mailtest.co.uk,iacorg-aunqf_user363@mailtest.co.uk
iacorg-w9qhc,MYUF7UY,iacorg-w9qhc_superuser@mailtest.co.uk,iacorg-aunqf_user364@mailtest.co.uk
iacorg-lf6kc,UF85YSX,iacorg-lf6kc_superuser@mailtest.co.uk,iacorg-aunqf_user365@mailtest.co.uk
iacorg-cdkc3,7T4AH4W,iacorg-cdkc3_superuser@mailtest.co.uk,iacorg-0c4ei_user366@mailtest.co.uk
iacorg-9b09y,MB2JXZP,iacorg-9b09y_superuser@mailtest.co.uk,iacorg-g044t_user368@mailtest.co.uk
iacorg-mo6c0,TCA63LI,iacorg-mo6c0_superuser@mailtest.co.uk,iacorg-g044t_user369@mailtest.co.uk
iacorg-6l82x,QS0E0SP,iacorg-6l82x_superuser@mailtest.co.uk,iacorg-g044t_user367@mailtest.co.uk
iacorg-ievej,MOAFM38,iacorg-ievej_superuser@mailtest.co.uk,iacorg-g044t_user370@mailtest.co.uk
iacorg-j2fps,P6UN1FK,iacorg-j2fps_superuser@mailtest.co.uk,iacorg-g044t_user371@mailtest.co.uk
iacorg-3g9fp,2GW3I23,iacorg-3g9fp_superuser@mailtest.co.uk,iacorg-g044t_user372@mailtest.co.uk
iacorg-lgjyx,2SM1XDU,iacorg-lgjyx_superuser@mailtest.co.uk,iacorg-g044t_user373@mailtest.co.uk
iacorg-wxvhf,GXE7P6R,iacorg-wxvhf_superuser@mailtest.co.uk,iacorg-g044t_user374@mailtest.co.uk
iacorg-ytvpl,UK09CPB,iacorg-ytvpl_superuser@mailtest.co.uk,iacorg-yly7f_user375@mailtest.co.uk
iacorg-vwcz6,N7AL9FP,iacorg-vwcz6_superuser@mailtest.co.uk,iacorg-yly7f_user376@mailtest.co.uk
iacorg-4qr34,A6WTPX2,iacorg-4qr34_superuser@mailtest.co.uk,iacorg-yly7f_user377@mailtest.co.uk
iacorg-is1aj,63DML07,iacorg-is1aj_superuser@mailtest.co.uk,iacorg-yly7f_user378@mailtest.co.uk
iacorg-zy64n,QVF9IL2,iacorg-zy64n_superuser@mailtest.co.uk,iacorg-yly7f_user379@mailtest.co.uk
iacorg-5dc7k,64I46DI,iacorg-5dc7k_superuser@mailtest.co.uk,iacorg-bk7v4_user382@mailtest.co.uk
iacorg-vxdpo,39SH4E0,iacorg-vxdpo_superuser@mailtest.co.uk,iacorg-bk7v4_user380@mailtest.co.uk
iacorg-imipt,Z2C4JZH,iacorg-imipt_superuser@mailtest.co.uk,iacorg-bk7v4_user381@mailtest.co.uk
iacorg-z6hmm,DWA4JU9,iacorg-z6hmm_superuser@mailtest.co.uk,iacorg-bk7v4_user383@mailtest.co.uk
iacorg-rugbr,1JQ1T15,iacorg-rugbr_superuser@mailtest.co.uk,iacorg-1hmhe_user384@mailtest.co.uk
iacorg-3k5ul,AT3UOMU,iacorg-3k5ul_superuser@mailtest.co.uk,iacorg-1hmhe_user385@mailtest.co.uk
iacorg-m8dps,3WI32WW,iacorg-m8dps_superuser@mailtest.co.uk,iacorg-1hmhe_user386@mailtest.co.uk
iacorg-c83gh,OGN08W1,iacorg-c83gh_superuser@mailtest.co.uk,iacorg-1hmhe_user387@mailtest.co.uk
iacorg-iesp1,5PDS3UF,iacorg-iesp1_superuser@mailtest.co.uk,iacorg-n115k_user388@mailtest.co.uk
iacorg-2azt8,VNIF250,iacorg-2azt8_superuser@mailtest.co.uk,iacorg-n115k_user389@mailtest.co.uk
iacorg-gubcs,XP5M9B6,iacorg-gubcs_superuser@mailtest.co.uk,iacorg-n115k_user390@mailtest.co.uk
iacorg-732au,N3GVXT9,iacorg-732au_superuser@mailtest.co.uk,iacorg-n115k_user391@mailtest.co.uk
iacorg-ipu7s,X8UWLI7,iacorg-ipu7s_superuser@mailtest.co.uk,iacorg-n115k_user392@mailtest.co.uk
iacorg-vao8m,P4W0CND,iacorg-vao8m_superuser@mailtest.co.uk,iacorg-n115k_user394@mailtest.co.uk
iacorg-tpfnx,GTEN1Y0,iacorg-tpfnx_superuser@mailtest.co.uk,iacorg-n115k_user393@mailtest.co.uk
iacorg-az6di,CJL9V7I,iacorg-az6di_superuser@mailtest.co.uk,iacorg-xucm6_user395@mailtest.co.uk
iacorg-zaq70,E0SDZ9N,iacorg-zaq70_superuser@mailtest.co.uk,iacorg-2t5m9_user397@mailtest.co.uk
iacorg-fmol8,Y2O2HBE,iacorg-fmol8_superuser@mailtest.co.uk,iacorg-2t5m9_user396@mailtest.co.uk
iacorg-jngj9,CWSDIT8,iacorg-jngj9_superuser@mailtest.co.uk,iacorg-2t5m9_user398@mailtest.co.uk
iacorg-zp6zf,S1FF9PX,iacorg-zp6zf_superuser@mailtest.co.uk,iacorg-2t5m9_user399@mailtest.co.uk
iacorg-10tqt,MGMZ1WF,iacorg-10tqt_superuser@mailtest.co.uk,iacorg-2t5m9_user400@mailtest.co.uk
iacorg-8f17c,1PLN1KD,iacorg-8f17c_superuser@mailtest.co.uk,iacorg-2t5m9_user401@mailtest.co.uk
iacorg-w9qhc,MYUF7UY,iacorg-w9qhc_superuser@mailtest.co.uk,iacorg-2t5m9_user402@mailtest.co.uk
iacorg-aunqf,84DFHED,iacorg-aunqf_superuser@mailtest.co.uk,iacorg-0cxjn_user403@mailtest.co.uk
iacorg-9b09y,MB2JXZP,iacorg-9b09y_superuser@mailtest.co.uk,iacorg-0cxjn_user404@mailtest.co.uk
iacorg-6l82x,QS0E0SP,iacorg-6l82x_superuser@mailtest.co.uk,iacorg-0cxjn_user406@mailtest.co.uk
iacorg-mo6c0,TCA63LI,iacorg-mo6c0_superuser@mailtest.co.uk,iacorg-0cxjn_user405@mailtest.co.uk
iacorg-ievej,MOAFM38,iacorg-ievej_superuser@mailtest.co.uk,iacorg-0cxjn_user407@mailtest.co.uk
iacorg-0c4ei,GMHOG96,iacorg-0c4ei_superuser@mailtest.co.uk,iacorg-txqmo_user408@mailtest.co.uk
iacorg-j2fps,P6UN1FK,iacorg-j2fps_superuser@mailtest.co.uk,iacorg-txqmo_user409@mailtest.co.uk
iacorg-g044t,K62CJSV,iacorg-g044t_superuser@mailtest.co.uk,iacorg-txqmo_user410@mailtest.co.uk
iacorg-lgjyx,2SM1XDU,iacorg-lgjyx_superuser@mailtest.co.uk,iacorg-txqmo_user411@mailtest.co.uk
iacorg-wxvhf,GXE7P6R,iacorg-wxvhf_superuser@mailtest.co.uk,iacorg-txqmo_user412@mailtest.co.uk
iacorg-ytvpl,UK09CPB,iacorg-ytvpl_superuser@mailtest.co.uk,iacorg-7re8g_user413@mailtest.co.uk
iacorg-vwcz6,N7AL9FP,iacorg-vwcz6_superuser@mailtest.co.uk,iacorg-7re8g_user414@mailtest.co.uk
iacorg-zy64n,QVF9IL2,iacorg-zy64n_superuser@mailtest.co.uk,iacorg-7re8g_user416@mailtest.co.uk
iacorg-is1aj,63DML07,iacorg-is1aj_superuser@mailtest.co.uk,iacorg-7re8g_user415@mailtest.co.uk
iacorg-imipt,Z2C4JZH,iacorg-imipt_superuser@mailtest.co.uk,iacorg-m54fr_user419@mailtest.co.uk
iacorg-5dc7k,64I46DI,iacorg-5dc7k_superuser@mailtest.co.uk,iacorg-m54fr_user417@mailtest.co.uk
iacorg-vxdpo,39SH4E0,iacorg-vxdpo_superuser@mailtest.co.uk,iacorg-m54fr_user418@mailtest.co.uk
iacorg-yly7f,JU0U9WY,iacorg-yly7f_superuser@mailtest.co.uk,iacorg-m54fr_user420@mailtest.co.uk
iacorg-rugbr,1JQ1T15,iacorg-rugbr_superuser@mailtest.co.uk,iacorg-m54fr_user421@mailtest.co.uk
iacorg-3k5ul,AT3UOMU,iacorg-3k5ul_superuser@mailtest.co.uk,iacorg-m54fr_user422@mailtest.co.uk
iacorg-m8dps,3WI32WW,iacorg-m8dps_superuser@mailtest.co.uk,iacorg-m54fr_user423@mailtest.co.uk
iacorg-c83gh,OGN08W1,iacorg-c83gh_superuser@mailtest.co.uk,iacorg-m54fr_user424@mailtest.co.uk
iacorg-bk7v4,LJMU1AT,iacorg-bk7v4_superuser@mailtest.co.uk,iacorg-tf3v6_user425@mailtest.co.uk
iacorg-gubcs,XP5M9B6,iacorg-gubcs_superuser@mailtest.co.uk,iacorg-tf3v6_user427@mailtest.co.uk
iacorg-2azt8,VNIF250,iacorg-2azt8_superuser@mailtest.co.uk,iacorg-tf3v6_user426@mailtest.co.uk
iacorg-732au,N3GVXT9,iacorg-732au_superuser@mailtest.co.uk,iacorg-tf3v6_user428@mailtest.co.uk
iacorg-1hmhe,CDTEAF9,iacorg-1hmhe_superuser@mailtest.co.uk,iacorg-tf3v6_user429@mailtest.co.uk
iacorg-ipu7s,X8UWLI7,iacorg-ipu7s_superuser@mailtest.co.uk,iacorg-bhwqv_user430@mailtest.co.uk
iacorg-n115k,3VWUPC0,iacorg-n115k_superuser@mailtest.co.uk,iacorg-bhwqv_user431@mailtest.co.uk
iacorg-tpfnx,GTEN1Y0,iacorg-tpfnx_superuser@mailtest.co.uk,iacorg-bhwqv_user433@mailtest.co.uk
iacorg-vao8m,P4W0CND,iacorg-vao8m_superuser@mailtest.co.uk,iacorg-bhwqv_user432@mailtest.co.uk
iacorg-az6di,CJL9V7I,iacorg-az6di_superuser@mailtest.co.uk,iacorg-bhwqv_user434@mailtest.co.uk
iacorg-fmol8,Y2O2HBE,iacorg-fmol8_superuser@mailtest.co.uk,iacorg-1miuu_user436@mailtest.co.uk
iacorg-zaq70,E0SDZ9N,iacorg-zaq70_superuser@mailtest.co.uk,iacorg-1miuu_user435@mailtest.co.uk
iacorg-10tqt,MGMZ1WF,iacorg-10tqt_superuser@mailtest.co.uk,iacorg-1miuu_user437@mailtest.co.uk
iacorg-8f17c,1PLN1KD,iacorg-8f17c_superuser@mailtest.co.uk,iacorg-1miuu_user438@mailtest.co.uk
iacorg-xucm6,8EZLDCC,iacorg-xucm6_superuser@mailtest.co.uk,iacorg-1miuu_user439@mailtest.co.uk
iacorg-2t5m9,N0W7VKF,iacorg-2t5m9_superuser@mailtest.co.uk,iacorg-gz05r_user441@mailtest.co.uk
iacorg-aunqf,84DFHED,iacorg-aunqf_superuser@mailtest.co.uk,iacorg-gz05r_user440@mailtest.co.uk
iacorg-9b09y,MB2JXZP,iacorg-9b09y_superuser@mailtest.co.uk,iacorg-cm69s_user442@mailtest.co.uk
iacorg-mo6c0,TCA63LI,iacorg-mo6c0_superuser@mailtest.co.uk,iacorg-cm69s_user444@mailtest.co.uk
iacorg-6l82x,QS0E0SP,iacorg-6l82x_superuser@mailtest.co.uk,iacorg-cm69s_user443@mailtest.co.uk
iacorg-ievej,MOAFM38,iacorg-ievej_superuser@mailtest.co.uk,iacorg-cm69s_user445@mailtest.co.uk
iacorg-0c4ei,GMHOG96,iacorg-0c4ei_superuser@mailtest.co.uk,iacorg-cm69s_user446@mailtest.co.uk
iacorg-0cxjn,GPZ13S4,iacorg-0cxjn_superuser@mailtest.co.uk,iacorg-cm69s_user447@mailtest.co.uk
iacorg-g044t,K62CJSV,iacorg-g044t_superuser@mailtest.co.uk,iacorg-n1x0e_user448@mailtest.co.uk
iacorg-lgjyx,2SM1XDU,iacorg-lgjyx_superuser@mailtest.co.uk,iacorg-n1x0e_user449@mailtest.co.uk
iacorg-wxvhf,GXE7P6R,iacorg-wxvhf_superuser@mailtest.co.uk,iacorg-n1x0e_user450@mailtest.co.uk
iacorg-vwcz6,N7AL9FP,iacorg-vwcz6_superuser@mailtest.co.uk,iacorg-n1x0e_user451@mailtest.co.uk
iacorg-txqmo,97RAESH,iacorg-txqmo_superuser@mailtest.co.uk,iacorg-n1x0e_user452@mailtest.co.uk
iacorg-zy64n,QVF9IL2,iacorg-zy64n_superuser@mailtest.co.uk,iacorg-n1x0e_user453@mailtest.co.uk
iacorg-is1aj,63DML07,iacorg-is1aj_superuser@mailtest.co.uk,iacorg-n1x0e_user454@mailtest.co.uk
iacorg-imipt,Z2C4JZH,iacorg-imipt_superuser@mailtest.co.uk,iacorg-8uehe_user455@mailtest.co.uk
iacorg-5dc7k,64I46DI,iacorg-5dc7k_superuser@mailtest.co.uk,iacorg-8uehe_user456@mailtest.co.uk
iacorg-7re8g,8TP01FM,iacorg-7re8g_superuser@mailtest.co.uk,iacorg-8uehe_user457@mailtest.co.uk
iacorg-yly7f,JU0U9WY,iacorg-yly7f_superuser@mailtest.co.uk,iacorg-8uehe_user458@mailtest.co.uk
iacorg-rugbr,1JQ1T15,iacorg-rugbr_superuser@mailtest.co.uk,iacorg-3pn5f_user459@mailtest.co.uk
iacorg-3k5ul,AT3UOMU,iacorg-3k5ul_superuser@mailtest.co.uk,iacorg-3pn5f_user460@mailtest.co.uk
iacorg-c83gh,OGN08W1,iacorg-c83gh_superuser@mailtest.co.uk,iacorg-3pn5f_user461@mailtest.co.uk
iacorg-bk7v4,LJMU1AT,iacorg-bk7v4_superuser@mailtest.co.uk,iacorg-3pn5f_user463@mailtest.co.uk
iacorg-m54fr,05MTJNK,iacorg-m54fr_superuser@mailtest.co.uk,iacorg-3pn5f_user462@mailtest.co.uk
iacorg-2azt8,VNIF250,iacorg-2azt8_superuser@mailtest.co.uk,iacorg-lr1bn_user464@mailtest.co.uk
iacorg-732au,N3GVXT9,iacorg-732au_superuser@mailtest.co.uk,iacorg-lr1bn_user465@mailtest.co.uk
iacorg-1hmhe,CDTEAF9,iacorg-1hmhe_superuser@mailtest.co.uk,iacorg-1gq6r_user466@mailtest.co.uk
iacorg-tf3v6,QYUSBQ1,iacorg-tf3v6_superuser@mailtest.co.uk,iacorg-1gq6r_user467@mailtest.co.uk
iacorg-ipu7s,X8UWLI7,iacorg-ipu7s_superuser@mailtest.co.uk,iacorg-1gq6r_user468@mailtest.co.uk
iacorg-n115k,3VWUPC0,iacorg-n115k_superuser@mailtest.co.uk,iacorg-1gq6r_user469@mailtest.co.uk
iacorg-tpfnx,GTEN1Y0,iacorg-tpfnx_superuser@mailtest.co.uk,iacorg-1gq6r_user470@mailtest.co.uk
iacorg-vao8m,P4W0CND,iacorg-vao8m_superuser@mailtest.co.uk,iacorg-1gq6r_user471@mailtest.co.uk
iacorg-zaq70,E0SDZ9N,iacorg-zaq70_superuser@mailtest.co.uk,iacorg-1gq6r_user473@mailtest.co.uk
iacorg-fmol8,Y2O2HBE,iacorg-fmol8_superuser@mailtest.co.uk,iacorg-1gq6r_user472@mailtest.co.uk
iacorg-bhwqv,WWK1EW8,iacorg-bhwqv_superuser@mailtest.co.uk,iacorg-1gq6r_user474@mailtest.co.uk
iacorg-8f17c,1PLN1KD,iacorg-8f17c_superuser@mailtest.co.uk,iacorg-zgexf_user475@mailtest.co.uk
iacorg-xucm6,8EZLDCC,iacorg-xucm6_superuser@mailtest.co.uk,iacorg-zgexf_user476@mailtest.co.uk
iacorg-1miuu,VVQ4VA3,iacorg-1miuu_superuser@mailtest.co.uk,iacorg-zgexf_user477@mailtest.co.uk
iacorg-2t5m9,N0W7VKF,iacorg-2t5m9_superuser@mailtest.co.uk,iacorg-zgexf_user478@mailtest.co.uk
iacorg-aunqf,84DFHED,iacorg-aunqf_superuser@mailtest.co.uk,iacorg-zgexf_user479@mailtest.co.uk
iacorg-9b09y,MB2JXZP,iacorg-9b09y_superuser@mailtest.co.uk,iacorg-q1lmx_user480@mailtest.co.uk
iacorg-mo6c0,TCA63LI,iacorg-mo6c0_superuser@mailtest.co.uk,iacorg-q1lmx_user481@mailtest.co.uk
iacorg-6l82x,QS0E0SP,iacorg-6l82x_superuser@mailtest.co.uk,iacorg-q1lmx_user482@mailtest.co.uk
iacorg-gz05r,RFN8UZ9,iacorg-gz05r_superuser@mailtest.co.uk,iacorg-q1lmx_user483@mailtest.co.uk
iacorg-0c4ei,GMHOG96,iacorg-0c4ei_superuser@mailtest.co.uk,iacorg-g2xx8_user484@mailtest.co.uk
iacorg-0cxjn,GPZ13S4,iacorg-0cxjn_superuser@mailtest.co.uk,iacorg-g2xx8_user485@mailtest.co.uk
iacorg-cm69s,65N7PG1,iacorg-cm69s_superuser@mailtest.co.uk,iacorg-g2xx8_user486@mailtest.co.uk
iacorg-g044t,K62CJSV,iacorg-g044t_superuser@mailtest.co.uk,iacorg-g2xx8_user487@mailtest.co.uk
iacorg-lgjyx,2SM1XDU,iacorg-lgjyx_superuser@mailtest.co.uk,iacorg-g2xx8_user488@mailtest.co.uk
iacorg-wxvhf,GXE7P6R,iacorg-wxvhf_superuser@mailtest.co.uk,iacorg-ohymy_user489@mailtest.co.uk
iacorg-txqmo,97RAESH,iacorg-txqmo_superuser@mailtest.co.uk,iacorg-ohymy_user490@mailtest.co.uk
iacorg-zy64n,QVF9IL2,iacorg-zy64n_superuser@mailtest.co.uk,iacorg-ohymy_user491@mailtest.co.uk
iacorg-n1x0e,GJ4S9VQ,iacorg-n1x0e_superuser@mailtest.co.uk,iacorg-p8iob_user492@mailtest.co.uk
iacorg-imipt,Z2C4JZH,iacorg-imipt_superuser@mailtest.co.uk,iacorg-p8iob_user493@mailtest.co.uk
iacorg-5dc7k,64I46DI,iacorg-5dc7k_superuser@mailtest.co.uk,iacorg-p8iob_user494@mailtest.co.uk
iacorg-7re8g,8TP01FM,iacorg-7re8g_superuser@mailtest.co.uk,iacorg-p8iob_user495@mailtest.co.uk
iacorg-yly7f,JU0U9WY,iacorg-yly7f_superuser@mailtest.co.uk,iacorg-p8iob_user496@mailtest.co.uk
iacorg-rugbr,1JQ1T15,iacorg-rugbr_superuser@mailtest.co.uk,iacorg-krc1n_user497@mailtest.co.uk
iacorg-c83gh,OGN08W1,iacorg-c83gh_superuser@mailtest.co.uk,iacorg-krc1n_user498@mailtest.co.uk
iacorg-8uehe,487YF70,iacorg-8uehe_superuser@mailtest.co.uk,iacorg-krc1n_user499@mailtest.co.uk
iacorg-bk7v4,LJMU1AT,iacorg-bk7v4_superuser@mailtest.co.uk,iacorg-krc1n_user500@mailtest.co.uk
iacorg-m54fr,05MTJNK,iacorg-m54fr_superuser@mailtest.co.uk,iacorg-krc1n_user501@mailtest.co.uk
iacorg-3pn5f,OHSKCX4,iacorg-3pn5f_superuser@mailtest.co.uk,iacorg-svo5b_user502@mailtest.co.uk
iacorg-2azt8,VNIF250,iacorg-2azt8_superuser@mailtest.co.uk,iacorg-svo5b_user503@mailtest.co.uk
iacorg-1hmhe,CDTEAF9,iacorg-1hmhe_superuser@mailtest.co.uk,iacorg-svo5b_user504@mailtest.co.uk
iacorg-tf3v6,QYUSBQ1,iacorg-tf3v6_superuser@mailtest.co.uk,iacorg-svo5b_user505@mailtest.co.uk
iacorg-ipu7s,X8UWLI7,iacorg-ipu7s_superuser@mailtest.co.uk,iacorg-svo5b_user506@mailtest.co.uk
iacorg-n115k,3VWUPC0,iacorg-n115k_superuser@mailtest.co.uk,iacorg-svo5b_user507@mailtest.co.uk
iacorg-vao8m,P4W0CND,iacorg-vao8m_superuser@mailtest.co.uk,iacorg-svo5b_user508@mailtest.co.uk
iacorg-lr1bn,HEQX275,iacorg-lr1bn_superuser@mailtest.co.uk,iacorg-svo5b_user509@mailtest.co.uk
iacorg-fmol8,Y2O2HBE,iacorg-fmol8_superuser@mailtest.co.uk,iacorg-0ofju_user510@mailtest.co.uk
iacorg-1gq6r,41JJDF4,iacorg-1gq6r_superuser@mailtest.co.uk,iacorg-0ofju_user511@mailtest.co.uk
iacorg-bhwqv,WWK1EW8,iacorg-bhwqv_superuser@mailtest.co.uk,iacorg-0ofju_user512@mailtest.co.uk
iacorg-8f17c,1PLN1KD,iacorg-8f17c_superuser@mailtest.co.uk,iacorg-0ofju_user513@mailtest.co.uk
iacorg-xucm6,8EZLDCC,iacorg-xucm6_superuser@mailtest.co.uk,iacorg-0ofju_user514@mailtest.co.uk
iacorg-1miuu,VVQ4VA3,iacorg-1miuu_superuser@mailtest.co.uk,iacorg-2rl15_user515@mailtest.co.uk
iacorg-2t5m9,N0W7VKF,iacorg-2t5m9_superuser@mailtest.co.uk,iacorg-2rl15_user516@mailtest.co.uk
iacorg-aunqf,84DFHED,iacorg-aunqf_superuser@mailtest.co.uk,iacorg-2rl15_user517@mailtest.co.uk
iacorg-zgexf,8WKRD62,iacorg-zgexf_superuser@mailtest.co.uk,iacorg-xvvkv_user518@mailtest.co.uk
iacorg-mo6c0,TCA63LI,iacorg-mo6c0_superuser@mailtest.co.uk,iacorg-xvvkv_user519@mailtest.co.uk
iacorg-gz05r,RFN8UZ9,iacorg-gz05r_superuser@mailtest.co.uk,iacorg-xvvkv_user520@mailtest.co.uk
iacorg-0c4ei,GMHOG96,iacorg-0c4ei_superuser@mailtest.co.uk,iacorg-cvr51_user521@mailtest.co.uk
iacorg-0cxjn,GPZ13S4,iacorg-0cxjn_superuser@mailtest.co.uk,iacorg-cvr51_user522@mailtest.co.uk
iacorg-cm69s,65N7PG1,iacorg-cm69s_superuser@mailtest.co.uk,iacorg-cvr51_user523@mailtest.co.uk
iacorg-lgjyx,2SM1XDU,iacorg-lgjyx_superuser@mailtest.co.uk,iacorg-cvr51_user525@mailtest.co.uk
iacorg-q1lmx,X6S7JG7,iacorg-q1lmx_superuser@mailtest.co.uk,iacorg-cvr51_user526@mailtest.co.uk
iacorg-g044t,K62CJSV,iacorg-g044t_superuser@mailtest.co.uk,iacorg-cvr51_user524@mailtest.co.uk
iacorg-txqmo,97RAESH,iacorg-txqmo_superuser@mailtest.co.uk,iacorg-66c53_user527@mailtest.co.uk
iacorg-g2xx8,N2UZM38,iacorg-g2xx8_superuser@mailtest.co.uk,iacorg-66c53_user528@mailtest.co.uk
iacorg-zy64n,QVF9IL2,iacorg-zy64n_superuser@mailtest.co.uk,iacorg-66c53_user529@mailtest.co.uk
iacorg-n1x0e,GJ4S9VQ,iacorg-n1x0e_superuser@mailtest.co.uk,iacorg-66c53_user530@mailtest.co.uk
iacorg-imipt,Z2C4JZH,iacorg-imipt_superuser@mailtest.co.uk,iacorg-66c53_user531@mailtest.co.uk
iacorg-ohymy,6BXUYS8,iacorg-ohymy_superuser@mailtest.co.uk,iacorg-66c53_user532@mailtest.co.uk
iacorg-7re8g,8TP01FM,iacorg-7re8g_superuser@mailtest.co.uk,iacorg-66c53_user533@mailtest.co.uk
iacorg-yly7f,JU0U9WY,iacorg-yly7f_superuser@mailtest.co.uk,iacorg-zm927_user534@mailtest.co.uk
iacorg-c83gh,OGN08W1,iacorg-c83gh_superuser@mailtest.co.uk,iacorg-zm927_user535@mailtest.co.uk
iacorg-8uehe,487YF70,iacorg-8uehe_superuser@mailtest.co.uk,iacorg-zm927_user536@mailtest.co.uk
iacorg-p8iob,UUY5M6V,iacorg-p8iob_superuser@mailtest.co.uk,iacorg-zm927_user538@mailtest.co.uk
iacorg-bk7v4,LJMU1AT,iacorg-bk7v4_superuser@mailtest.co.uk,iacorg-zm927_user537@mailtest.co.uk
iacorg-m54fr,05MTJNK,iacorg-m54fr_superuser@mailtest.co.uk,iacorg-zm927_user539@mailtest.co.uk
iacorg-3pn5f,OHSKCX4,iacorg-3pn5f_superuser@mailtest.co.uk,iacorg-nj9j2_user540@mailtest.co.uk
iacorg-1hmhe,CDTEAF9,iacorg-1hmhe_superuser@mailtest.co.uk,iacorg-nj9j2_user542@mailtest.co.uk
iacorg-krc1n,6TYZ36Y,iacorg-krc1n_superuser@mailtest.co.uk,iacorg-nj9j2_user541@mailtest.co.uk
iacorg-tf3v6,QYUSBQ1,iacorg-tf3v6_superuser@mailtest.co.uk,iacorg-nj9j2_user543@mailtest.co.uk
iacorg-n115k,3VWUPC0,iacorg-n115k_superuser@mailtest.co.uk,iacorg-o7hee_user544@mailtest.co.uk
iacorg-vao8m,P4W0CND,iacorg-vao8m_superuser@mailtest.co.uk,iacorg-o7hee_user545@mailtest.co.uk
iacorg-svo5b,B9OPCO5,iacorg-svo5b_superuser@mailtest.co.uk,iacorg-o7hee_user546@mailtest.co.uk
iacorg-lr1bn,HEQX275,iacorg-lr1bn_superuser@mailtest.co.uk,iacorg-le473_user547@mailtest.co.uk
iacorg-bhwqv,WWK1EW8,iacorg-bhwqv_superuser@mailtest.co.uk,iacorg-le473_user550@mailtest.co.uk
iacorg-1gq6r,41JJDF4,iacorg-1gq6r_superuser@mailtest.co.uk,iacorg-le473_user549@mailtest.co.uk
iacorg-fmol8,Y2O2HBE,iacorg-fmol8_superuser@mailtest.co.uk,iacorg-le473_user548@mailtest.co.uk
iacorg-xucm6,8EZLDCC,iacorg-xucm6_superuser@mailtest.co.uk,iacorg-le473_user551@mailtest.co.uk
iacorg-1miuu,VVQ4VA3,iacorg-1miuu_superuser@mailtest.co.uk,iacorg-le473_user552@mailtest.co.uk
iacorg-0ofju,H45Z7II,iacorg-0ofju_superuser@mailtest.co.uk,iacorg-le473_user553@mailtest.co.uk
iacorg-2t5m9,N0W7VKF,iacorg-2t5m9_superuser@mailtest.co.uk,iacorg-k4ww9_user554@mailtest.co.uk
iacorg-aunqf,84DFHED,iacorg-aunqf_superuser@mailtest.co.uk,iacorg-k4ww9_user555@mailtest.co.uk
iacorg-zgexf,8WKRD62,iacorg-zgexf_superuser@mailtest.co.uk,iacorg-kuqyo_user556@mailtest.co.uk
iacorg-gz05r,RFN8UZ9,iacorg-gz05r_superuser@mailtest.co.uk,iacorg-kuqyo_user557@mailtest.co.uk
iacorg-2rl15,OY5S6JG,iacorg-2rl15_superuser@mailtest.co.uk,iacorg-kuqyo_user558@mailtest.co.uk
iacorg-0cxjn,GPZ13S4,iacorg-0cxjn_superuser@mailtest.co.uk,iacorg-kuqyo_user560@mailtest.co.uk
iacorg-0c4ei,GMHOG96,iacorg-0c4ei_superuser@mailtest.co.uk,iacorg-kuqyo_user559@mailtest.co.uk
iacorg-cm69s,65N7PG1,iacorg-cm69s_superuser@mailtest.co.uk,iacorg-ytuj9_user561@mailtest.co.uk
iacorg-q1lmx,X6S7JG7,iacorg-q1lmx_superuser@mailtest.co.uk,iacorg-ytuj9_user563@mailtest.co.uk
iacorg-xvvkv,6SRMK2X,iacorg-xvvkv_superuser@mailtest.co.uk,iacorg-ytuj9_user562@mailtest.co.uk
iacorg-g044t,K62CJSV,iacorg-g044t_superuser@mailtest.co.uk,iacorg-ytuj9_user564@mailtest.co.uk
iacorg-txqmo,97RAESH,iacorg-txqmo_superuser@mailtest.co.uk,iacorg-ytuj9_user565@mailtest.co.uk
iacorg-cvr51,LSPAU9E,iacorg-cvr51_superuser@mailtest.co.uk,iacorg-ytuj9_user566@mailtest.co.uk
iacorg-g2xx8,N2UZM38,iacorg-g2xx8_superuser@mailtest.co.uk,iacorg-ytuj9_user567@mailtest.co.uk
iacorg-n1x0e,GJ4S9VQ,iacorg-n1x0e_superuser@mailtest.co.uk,iacorg-ogavb_user568@mailtest.co.uk
iacorg-ohymy,6BXUYS8,iacorg-ohymy_superuser@mailtest.co.uk,iacorg-ogavb_user569@mailtest.co.uk
iacorg-7re8g,8TP01FM,iacorg-7re8g_superuser@mailtest.co.uk,iacorg-ogavb_user570@mailtest.co.uk
iacorg-yly7f,JU0U9WY,iacorg-yly7f_superuser@mailtest.co.uk,iacorg-ogavb_user571@mailtest.co.uk
iacorg-66c53,864O2HI,iacorg-66c53_superuser@mailtest.co.uk,iacorg-ogavb_user572@mailtest.co.uk
iacorg-8uehe,487YF70,iacorg-8uehe_superuser@mailtest.co.uk,iacorg-hxqzf_user573@mailtest.co.uk
iacorg-p8iob,UUY5M6V,iacorg-p8iob_superuser@mailtest.co.uk,iacorg-hxqzf_user574@mailtest.co.uk
iacorg-bk7v4,LJMU1AT,iacorg-bk7v4_superuser@mailtest.co.uk,iacorg-hxqzf_user575@mailtest.co.uk
iacorg-m54fr,05MTJNK,iacorg-m54fr_superuser@mailtest.co.uk,iacorg-hxqzf_user576@mailtest.co.uk
iacorg-3pn5f,OHSKCX4,iacorg-3pn5f_superuser@mailtest.co.uk,iacorg-hxqzf_user577@mailtest.co.uk
iacorg-zm927,CEJ97NV,iacorg-zm927_superuser@mailtest.co.uk,iacorg-hxqzf_user578@mailtest.co.uk
iacorg-1hmhe,CDTEAF9,iacorg-1hmhe_superuser@mailtest.co.uk,iacorg-hxqzf_user579@mailtest.co.uk
iacorg-krc1n,6TYZ36Y,iacorg-krc1n_superuser@mailtest.co.uk,iacorg-hxqzf_user580@mailtest.co.uk
iacorg-n115k,3VWUPC0,iacorg-n115k_superuser@mailtest.co.uk,iacorg-k7re0_user582@mailtest.co.uk
iacorg-tf3v6,QYUSBQ1,iacorg-tf3v6_superuser@mailtest.co.uk,iacorg-k7re0_user581@mailtest.co.uk
iacorg-svo5b,B9OPCO5,iacorg-svo5b_superuser@mailtest.co.uk,iacorg-wbkq1_user583@mailtest.co.uk
iacorg-lr1bn,HEQX275,iacorg-lr1bn_superuser@mailtest.co.uk,iacorg-wbkq1_user584@mailtest.co.uk
iacorg-nj9j2,L1KB3CW,iacorg-nj9j2_superuser@mailtest.co.uk,iacorg-wbkq1_user585@mailtest.co.uk
iacorg-bhwqv,WWK1EW8,iacorg-bhwqv_superuser@mailtest.co.uk,iacorg-orjlk_user586@mailtest.co.uk
iacorg-1gq6r,41JJDF4,iacorg-1gq6r_superuser@mailtest.co.uk,iacorg-orjlk_user587@mailtest.co.uk
iacorg-xucm6,8EZLDCC,iacorg-xucm6_superuser@mailtest.co.uk,iacorg-orjlk_user589@mailtest.co.uk
iacorg-1miuu,VVQ4VA3,iacorg-1miuu_superuser@mailtest.co.uk,iacorg-orjlk_user590@mailtest.co.uk
iacorg-o7hee,PYWSE1P,iacorg-o7hee_superuser@mailtest.co.uk,iacorg-orjlk_user588@mailtest.co.uk
iacorg-0ofju,H45Z7II,iacorg-0ofju_superuser@mailtest.co.uk,iacorg-orjlk_user591@mailtest.co.uk
iacorg-2t5m9,N0W7VKF,iacorg-2t5m9_superuser@mailtest.co.uk,iacorg-orjlk_user593@mailtest.co.uk
iacorg-le473,6ICO3QJ,iacorg-le473_superuser@mailtest.co.uk,iacorg-orjlk_user592@mailtest.co.uk
iacorg-zgexf,8WKRD62,iacorg-zgexf_superuser@mailtest.co.uk,iacorg-orjlk_user594@mailtest.co.uk
iacorg-gz05r,RFN8UZ9,iacorg-gz05r_superuser@mailtest.co.uk,iacorg-gcpo0_user595@mailtest.co.uk
iacorg-2rl15,OY5S6JG,iacorg-2rl15_superuser@mailtest.co.uk,iacorg-gcpo0_user596@mailtest.co.uk
iacorg-0cxjn,GPZ13S4,iacorg-0cxjn_superuser@mailtest.co.uk,iacorg-gcpo0_user597@mailtest.co.uk
iacorg-cm69s,65N7PG1,iacorg-cm69s_superuser@mailtest.co.uk,iacorg-gcpo0_user598@mailtest.co.uk
iacorg-k4ww9,N28ZLH0,iacorg-k4ww9_superuser@mailtest.co.uk,iacorg-gcpo0_user599@mailtest.co.uk
iacorg-q1lmx,X6S7JG7,iacorg-q1lmx_superuser@mailtest.co.uk,iacorg-gcpo0_user600@mailtest.co.uk
iacorg-xvvkv,6SRMK2X,iacorg-xvvkv_superuser@mailtest.co.uk,iacorg-gcpo0_user601@mailtest.co.uk
iacorg-kuqyo,8LZDLX1,iacorg-kuqyo_superuser@mailtest.co.uk,iacorg-i8vkm_user602@mailtest.co.uk
iacorg-txqmo,97RAESH,iacorg-txqmo_superuser@mailtest.co.uk,iacorg-j1l2r_user603@mailtest.co.uk
iacorg-cvr51,LSPAU9E,iacorg-cvr51_superuser@mailtest.co.uk,iacorg-j1l2r_user604@mailtest.co.uk
iacorg-g2xx8,N2UZM38,iacorg-g2xx8_superuser@mailtest.co.uk,iacorg-j1l2r_user605@mailtest.co.uk
iacorg-ytuj9,86HJH20,iacorg-ytuj9_superuser@mailtest.co.uk,iacorg-j1l2r_user606@mailtest.co.uk
iacorg-n1x0e,GJ4S9VQ,iacorg-n1x0e_superuser@mailtest.co.uk,iacorg-j1l2r_user607@mailtest.co.uk
iacorg-ohymy,6BXUYS8,iacorg-ohymy_superuser@mailtest.co.uk,iacorg-bpm1e_user608@mailtest.co.uk
iacorg-7re8g,8TP01FM,iacorg-7re8g_superuser@mailtest.co.uk,iacorg-bpm1e_user609@mailtest.co.uk
iacorg-66c53,864O2HI,iacorg-66c53_superuser@mailtest.co.uk,iacorg-bpm1e_user610@mailtest.co.uk
iacorg-ogavb,UPNUZ62,iacorg-ogavb_superuser@mailtest.co.uk,iacorg-bpm1e_user611@mailtest.co.uk
iacorg-8uehe,487YF70,iacorg-8uehe_superuser@mailtest.co.uk,iacorg-bpm1e_user612@mailtest.co.uk
iacorg-p8iob,UUY5M6V,iacorg-p8iob_superuser@mailtest.co.uk,iacorg-2nuwk_user613@mailtest.co.uk
iacorg-m54fr,05MTJNK,iacorg-m54fr_superuser@mailtest.co.uk,iacorg-2nuwk_user614@mailtest.co.uk
iacorg-3pn5f,OHSKCX4,iacorg-3pn5f_superuser@mailtest.co.uk,iacorg-2nuwk_user615@mailtest.co.uk
iacorg-zm927,CEJ97NV,iacorg-zm927_superuser@mailtest.co.uk,iacorg-2nuwk_user616@mailtest.co.uk
iacorg-krc1n,6TYZ36Y,iacorg-krc1n_superuser@mailtest.co.uk,iacorg-2nuwk_user617@mailtest.co.uk
iacorg-tf3v6,QYUSBQ1,iacorg-tf3v6_superuser@mailtest.co.uk,iacorg-2nuwk_user618@mailtest.co.uk
iacorg-hxqzf,D5YRDG0,iacorg-hxqzf_superuser@mailtest.co.uk,iacorg-2nuwk_user619@mailtest.co.uk
iacorg-svo5b,B9OPCO5,iacorg-svo5b_superuser@mailtest.co.uk,iacorg-wgmfk_user620@mailtest.co.uk
iacorg-lr1bn,HEQX275,iacorg-lr1bn_superuser@mailtest.co.uk,iacorg-wgmfk_user621@mailtest.co.uk
iacorg-nj9j2,L1KB3CW,iacorg-nj9j2_superuser@mailtest.co.uk,iacorg-wgmfk_user622@mailtest.co.uk
iacorg-k7re0,UHOL10J,iacorg-k7re0_superuser@mailtest.co.uk,iacorg-wgmfk_user623@mailtest.co.uk
iacorg-bhwqv,WWK1EW8,iacorg-bhwqv_superuser@mailtest.co.uk,iacorg-wgmfk_user624@mailtest.co.uk
iacorg-1gq6r,41JJDF4,iacorg-1gq6r_superuser@mailtest.co.uk,iacorg-wgmfk_user625@mailtest.co.uk
iacorg-1miuu,VVQ4VA3,iacorg-1miuu_superuser@mailtest.co.uk,iacorg-y7j2q_user626@mailtest.co.uk
iacorg-wbkq1,OHS3L84,iacorg-wbkq1_superuser@mailtest.co.uk,iacorg-y7j2q_user627@mailtest.co.uk
iacorg-o7hee,PYWSE1P,iacorg-o7hee_superuser@mailtest.co.uk,iacorg-y7j2q_user628@mailtest.co.uk
iacorg-0ofju,H45Z7II,iacorg-0ofju_superuser@mailtest.co.uk,iacorg-y7j2q_user629@mailtest.co.uk
iacorg-orjlk,FFTJ2KA,iacorg-orjlk_superuser@mailtest.co.uk,iacorg-y7j2q_user630@mailtest.co.uk
iacorg-le473,6ICO3QJ,iacorg-le473_superuser@mailtest.co.uk,iacorg-y7j2q_user631@mailtest.co.uk
iacorg-zgexf,8WKRD62,iacorg-zgexf_superuser@mailtest.co.uk,iacorg-y7j2q_user632@mailtest.co.uk
iacorg-gz05r,RFN8UZ9,iacorg-gz05r_superuser@mailtest.co.uk,iacorg-y7j2q_user633@mailtest.co.uk
iacorg-2rl15,OY5S6JG,iacorg-2rl15_superuser@mailtest.co.uk,iacorg-uuext_user634@mailtest.co.uk
iacorg-cm69s,65N7PG1,iacorg-cm69s_superuser@mailtest.co.uk,iacorg-b16ab_user635@mailtest.co.uk
iacorg-k4ww9,N28ZLH0,iacorg-k4ww9_superuser@mailtest.co.uk,iacorg-b16ab_user636@mailtest.co.uk
iacorg-xvvkv,6SRMK2X,iacorg-xvvkv_superuser@mailtest.co.uk,iacorg-b16ab_user638@mailtest.co.uk
iacorg-q1lmx,X6S7JG7,iacorg-q1lmx_superuser@mailtest.co.uk,iacorg-b16ab_user637@mailtest.co.uk
iacorg-kuqyo,8LZDLX1,iacorg-kuqyo_superuser@mailtest.co.uk,iacorg-b16ab_user639@mailtest.co.uk
iacorg-gcpo0,X0G0JLA,iacorg-gcpo0_superuser@mailtest.co.uk,iacorg-b16ab_user640@mailtest.co.uk
iacorg-cvr51,LSPAU9E,iacorg-cvr51_superuser@mailtest.co.uk,iacorg-b16ab_user641@mailtest.co.uk
iacorg-g2xx8,N2UZM38,iacorg-g2xx8_superuser@mailtest.co.uk,iacorg-b16ab_user642@mailtest.co.uk
iacorg-ytuj9,86HJH20,iacorg-ytuj9_superuser@mailtest.co.uk,iacorg-b16ab_user643@mailtest.co.uk
iacorg-n1x0e,GJ4S9VQ,iacorg-n1x0e_superuser@mailtest.co.uk,iacorg-b16ab_user644@mailtest.co.uk
iacorg-ohymy,6BXUYS8,iacorg-ohymy_superuser@mailtest.co.uk,iacorg-0cdrh_user646@mailtest.co.uk
iacorg-66c53,864O2HI,iacorg-66c53_superuser@mailtest.co.uk,iacorg-0cdrh_user648@mailtest.co.uk
iacorg-j1l2r,3TTPGYM,iacorg-j1l2r_superuser@mailtest.co.uk,iacorg-0cdrh_user647@mailtest.co.uk
iacorg-i8vkm,0HXTMFE,iacorg-i8vkm_superuser@mailtest.co.uk,iacorg-0cdrh_user645@mailtest.co.uk
iacorg-ogavb,UPNUZ62,iacorg-ogavb_superuser@mailtest.co.uk,iacorg-gd4os_user649@mailtest.co.uk
iacorg-8uehe,487YF70,iacorg-8uehe_superuser@mailtest.co.uk,iacorg-gd4os_user650@mailtest.co.uk
iacorg-p8iob,UUY5M6V,iacorg-p8iob_superuser@mailtest.co.uk,iacorg-gd4os_user651@mailtest.co.uk
iacorg-bpm1e,IUS14Z0,iacorg-bpm1e_superuser@mailtest.co.uk,iacorg-gd4os_user652@mailtest.co.uk
iacorg-3pn5f,OHSKCX4,iacorg-3pn5f_superuser@mailtest.co.uk,iacorg-32l3v_user653@mailtest.co.uk
iacorg-zm927,CEJ97NV,iacorg-zm927_superuser@mailtest.co.uk,iacorg-32l3v_user654@mailtest.co.uk
iacorg-krc1n,6TYZ36Y,iacorg-krc1n_superuser@mailtest.co.uk,iacorg-32l3v_user655@mailtest.co.uk
iacorg-hxqzf,D5YRDG0,iacorg-hxqzf_superuser@mailtest.co.uk,iacorg-32l3v_user656@mailtest.co.uk
iacorg-2nuwk,VDQ7FW9,iacorg-2nuwk_superuser@mailtest.co.uk,iacorg-32l3v_user657@mailtest.co.uk
iacorg-svo5b,B9OPCO5,iacorg-svo5b_superuser@mailtest.co.uk,iacorg-32l3v_user658@mailtest.co.uk
iacorg-lr1bn,HEQX275,iacorg-lr1bn_superuser@mailtest.co.uk,iacorg-32l3v_user659@mailtest.co.uk
iacorg-nj9j2,L1KB3CW,iacorg-nj9j2_superuser@mailtest.co.uk,iacorg-32l3v_user660@mailtest.co.uk
iacorg-k7re0,UHOL10J,iacorg-k7re0_superuser@mailtest.co.uk,iacorg-32l3v_user661@mailtest.co.uk
iacorg-1gq6r,41JJDF4,iacorg-1gq6r_superuser@mailtest.co.uk,iacorg-32l3v_user662@mailtest.co.uk
iacorg-wgmfk,HRLQ9LJ,iacorg-wgmfk_superuser@mailtest.co.uk,iacorg-32l3v_user663@mailtest.co.uk
iacorg-o7hee,PYWSE1P,iacorg-o7hee_superuser@mailtest.co.uk,iacorg-32l3v_user665@mailtest.co.uk
iacorg-0ofju,H45Z7II,iacorg-0ofju_superuser@mailtest.co.uk,iacorg-32l3v_user666@mailtest.co.uk
iacorg-wbkq1,OHS3L84,iacorg-wbkq1_superuser@mailtest.co.uk,iacorg-32l3v_user664@mailtest.co.uk
iacorg-orjlk,FFTJ2KA,iacorg-orjlk_superuser@mailtest.co.uk,iacorg-32l3v_user667@mailtest.co.uk
iacorg-le473,6ICO3QJ,iacorg-le473_superuser@mailtest.co.uk,iacorg-32l3v_user668@mailtest.co.uk
iacorg-ayzzv,L2PE1Z7,iacorg-ayzzv_superuser@mailtest.co.uk,iacorg-32l3v_user669@mailtest.co.uk
iacorg-zgexf,8WKRD62,iacorg-zgexf_superuser@mailtest.co.uk,iacorg-32l3v_user670@mailtest.co.uk
iacorg-2rl15,OY5S6JG,iacorg-2rl15_superuser@mailtest.co.uk,iacorg-32l3v_user671@mailtest.co.uk
iacorg-y7j2q,6P663RS,iacorg-y7j2q_superuser@mailtest.co.uk,iacorg-32l3v_user672@mailtest.co.uk
iacorg-k4ww9,N28ZLH0,iacorg-k4ww9_superuser@mailtest.co.uk,iacorg-32l3v_user673@mailtest.co.uk
iacorg-xvvkv,6SRMK2X,iacorg-xvvkv_superuser@mailtest.co.uk,iacorg-32l3v_user674@mailtest.co.uk
iacorg-q1lmx,X6S7JG7,iacorg-q1lmx_superuser@mailtest.co.uk,iacorg-32l3v_user675@mailtest.co.uk
iacorg-kuqyo,8LZDLX1,iacorg-kuqyo_superuser@mailtest.co.uk,iacorg-32l3v_user676@mailtest.co.uk
iacorg-gcpo0,X0G0JLA,iacorg-gcpo0_superuser@mailtest.co.uk,iacorg-32l3v_user677@mailtest.co.uk
iacorg-uuext,ORSX36S,iacorg-uuext_superuser@mailtest.co.uk,iacorg-32l3v_user678@mailtest.co.uk
iacorg-cvr51,LSPAU9E,iacorg-cvr51_superuser@mailtest.co.uk,iacorg-32l3v_user679@mailtest.co.uk
iacorg-g2xx8,N2UZM38,iacorg-g2xx8_superuser@mailtest.co.uk,iacorg-32l3v_user680@mailtest.co.uk
iacorg-ytuj9,86HJH20,iacorg-ytuj9_superuser@mailtest.co.uk,iacorg-32l3v_user681@mailtest.co.uk
iacorg-ohymy,6BXUYS8,iacorg-ohymy_superuser@mailtest.co.uk,iacorg-32l3v_user683@mailtest.co.uk
iacorg-b16ab,UI1QRGY,iacorg-b16ab_superuser@mailtest.co.uk,iacorg-32l3v_user682@mailtest.co.uk
iacorg-66c53,864O2HI,iacorg-66c53_superuser@mailtest.co.uk,iacorg-32l3v_user684@mailtest.co.uk
iacorg-j1l2r,3TTPGYM,iacorg-j1l2r_superuser@mailtest.co.uk,iacorg-32l3v_user685@mailtest.co.uk
iacorg-i8vkm,0HXTMFE,iacorg-i8vkm_superuser@mailtest.co.uk,iacorg-32l3v_user686@mailtest.co.uk
iacorg-ogavb,UPNUZ62,iacorg-ogavb_superuser@mailtest.co.uk,iacorg-32l3v_user687@mailtest.co.uk
iacorg-p8iob,UUY5M6V,iacorg-p8iob_superuser@mailtest.co.uk,iacorg-32l3v_user688@mailtest.co.uk
iacorg-0cdrh,QPGLT0L,iacorg-0cdrh_superuser@mailtest.co.uk,iacorg-32l3v_user689@mailtest.co.uk
iacorg-bpm1e,IUS14Z0,iacorg-bpm1e_superuser@mailtest.co.uk,iacorg-32l3v_user690@mailtest.co.uk
iacorg-gd4os,EP8PH7X,iacorg-gd4os_superuser@mailtest.co.uk,iacorg-32l3v_user691@mailtest.co.uk
iacorg-zm927,CEJ97NV,iacorg-zm927_superuser@mailtest.co.uk,iacorg-32l3v_user692@mailtest.co.uk
iacorg-krc1n,6TYZ36Y,iacorg-krc1n_superuser@mailtest.co.uk,iacorg-32l3v_user693@mailtest.co.uk
iacorg-hxqzf,D5YRDG0,iacorg-hxqzf_superuser@mailtest.co.uk,iacorg-32l3v_user694@mailtest.co.uk
iacorg-2nuwk,VDQ7FW9,iacorg-2nuwk_superuser@mailtest.co.uk,iacorg-32l3v_user695@mailtest.co.uk
iacorg-svo5b,B9OPCO5,iacorg-svo5b_superuser@mailtest.co.uk,iacorg-32l3v_user696@mailtest.co.uk
iacorg-32l3v,APGPS1H,iacorg-32l3v_superuser@mailtest.co.uk,iacorg-32l3v_user697@mailtest.co.uk
iacorg-nj9j2,L1KB3CW,iacorg-nj9j2_superuser@mailtest.co.uk,iacorg-32l3v_user698@mailtest.co.uk
iacorg-k7re0,UHOL10J,iacorg-k7re0_superuser@mailtest.co.uk,iacorg-32l3v_user699@mailtest.co.uk
iacorg-wgmfk,HRLQ9LJ,iacorg-wgmfk_superuser@mailtest.co.uk,iacorg-32l3v_user700@mailtest.co.uk
iacorg-0ofju,H45Z7II,iacorg-0ofju_superuser@mailtest.co.uk,iacorg-32l3v_user702@mailtest.co.uk
iacorg-o7hee,PYWSE1P,iacorg-o7hee_superuser@mailtest.co.uk,iacorg-32l3v_user701@mailtest.co.uk
iacorg-wbkq1,OHS3L84,iacorg-wbkq1_superuser@mailtest.co.uk,iacorg-32l3v_user703@mailtest.co.uk
iacorg-orjlk,FFTJ2KA,iacorg-orjlk_superuser@mailtest.co.uk,iacorg-32l3v_user704@mailtest.co.uk
iacorg-le473,6ICO3QJ,iacorg-le473_superuser@mailtest.co.uk,iacorg-32l3v_user705@mailtest.co.uk
iacorg-ayzzv,L2PE1Z7,iacorg-ayzzv_superuser@mailtest.co.uk,iacorg-32l3v_user706@mailtest.co.uk
iacorg-2rl15,OY5S6JG,iacorg-2rl15_superuser@mailtest.co.uk,iacorg-32l3v_user707@mailtest.co.uk
iacorg-y7j2q,6P663RS,iacorg-y7j2q_superuser@mailtest.co.uk,iacorg-32l3v_user708@mailtest.co.uk
iacorg-xvvkv,6SRMK2X,iacorg-xvvkv_superuser@mailtest.co.uk,iacorg-32l3v_user710@mailtest.co.uk
iacorg-k4ww9,N28ZLH0,iacorg-k4ww9_superuser@mailtest.co.uk,iacorg-32l3v_user709@mailtest.co.uk
iacorg-kuqyo,8LZDLX1,iacorg-kuqyo_superuser@mailtest.co.uk,iacorg-32l3v_user711@mailtest.co.uk
iacorg-gcpo0,X0G0JLA,iacorg-gcpo0_superuser@mailtest.co.uk,iacorg-32l3v_user712@mailtest.co.uk
iacorg-uuext,ORSX36S,iacorg-uuext_superuser@mailtest.co.uk,iacorg-32l3v_user713@mailtest.co.uk
iacorg-cvr51,LSPAU9E,iacorg-cvr51_superuser@mailtest.co.uk,iacorg-32l3v_user714@mailtest.co.uk
iacorg-ytuj9,86HJH20,iacorg-ytuj9_superuser@mailtest.co.uk,iacorg-32l3v_user715@mailtest.co.uk
iacorg-b16ab,UI1QRGY,iacorg-b16ab_superuser@mailtest.co.uk,iacorg-32l3v_user716@mailtest.co.uk
iacorg-66c53,864O2HI,iacorg-66c53_superuser@mailtest.co.uk,iacorg-32l3v_user717@mailtest.co.uk
iacorg-i8vkm,0HXTMFE,iacorg-i8vkm_superuser@mailtest.co.uk,iacorg-32l3v_user719@mailtest.co.uk
iacorg-j1l2r,3TTPGYM,iacorg-j1l2r_superuser@mailtest.co.uk,iacorg-32l3v_user718@mailtest.co.uk
iacorg-ogavb,UPNUZ62,iacorg-ogavb_superuser@mailtest.co.uk,iacorg-32l3v_user720@mailtest.co.uk
iacorg-0cdrh,QPGLT0L,iacorg-0cdrh_superuser@mailtest.co.uk,iacorg-32l3v_user721@mailtest.co.uk
iacorg-bpm1e,IUS14Z0,iacorg-bpm1e_superuser@mailtest.co.uk,iacorg-32l3v_user722@mailtest.co.uk
iacorg-gd4os,EP8PH7X,iacorg-gd4os_superuser@mailtest.co.uk,iacorg-32l3v_user723@mailtest.co.uk
iacorg-zm927,CEJ97NV,iacorg-zm927_superuser@mailtest.co.uk,iacorg-32l3v_user724@mailtest.co.uk
iacorg-hxqzf,D5YRDG0,iacorg-hxqzf_superuser@mailtest.co.uk,iacorg-32l3v_user725@mailtest.co.uk
iacorg-2nuwk,VDQ7FW9,iacorg-2nuwk_superuser@mailtest.co.uk,iacorg-32l3v_user726@mailtest.co.uk
iacorg-32l3v,APGPS1H,iacorg-32l3v_superuser@mailtest.co.uk,iacorg-32l3v_user727@mailtest.co.uk
iacorg-nj9j2,L1KB3CW,iacorg-nj9j2_superuser@mailtest.co.uk,iacorg-32l3v_user728@mailtest.co.uk
iacorg-k7re0,UHOL10J,iacorg-k7re0_superuser@mailtest.co.uk,iacorg-32l3v_user729@mailtest.co.uk
iacorg-wgmfk,HRLQ9LJ,iacorg-wgmfk_superuser@mailtest.co.uk,iacorg-32l3v_user730@mailtest.co.uk
iacorg-o7hee,PYWSE1P,iacorg-o7hee_superuser@mailtest.co.uk,iacorg-32l3v_user731@mailtest.co.uk
iacorg-wbkq1,OHS3L84,iacorg-wbkq1_superuser@mailtest.co.uk,iacorg-32l3v_user732@mailtest.co.uk
iacorg-le473,6ICO3QJ,iacorg-le473_superuser@mailtest.co.uk,iacorg-32l3v_user734@mailtest.co.uk
iacorg-orjlk,FFTJ2KA,iacorg-orjlk_superuser@mailtest.co.uk,iacorg-32l3v_user733@mailtest.co.uk
iacorg-ayzzv,L2PE1Z7,iacorg-ayzzv_superuser@mailtest.co.uk,iacorg-32l3v_user735@mailtest.co.uk
iacorg-y7j2q,6P663RS,iacorg-y7j2q_superuser@mailtest.co.uk,iacorg-32l3v_user736@mailtest.co.uk
iacorg-k4ww9,N28ZLH0,iacorg-k4ww9_superuser@mailtest.co.uk,iacorg-32l3v_user737@mailtest.co.uk
iacorg-kuqyo,8LZDLX1,iacorg-kuqyo_superuser@mailtest.co.uk,iacorg-32l3v_user738@mailtest.co.uk
iacorg-gcpo0,X0G0JLA,iacorg-gcpo0_superuser@mailtest.co.uk,iacorg-32l3v_user739@mailtest.co.uk
iacorg-uuext,ORSX36S,iacorg-uuext_superuser@mailtest.co.uk,iacorg-32l3v_user740@mailtest.co.uk
iacorg-ytuj9,86HJH20,iacorg-ytuj9_superuser@mailtest.co.uk,iacorg-32l3v_user741@mailtest.co.uk
iacorg-b16ab,UI1QRGY,iacorg-b16ab_superuser@mailtest.co.uk,iacorg-32l3v_user742@mailtest.co.uk
iacorg-j1l2r,3TTPGYM,iacorg-j1l2r_superuser@mailtest.co.uk,iacorg-32l3v_user744@mailtest.co.uk
iacorg-i8vkm,0HXTMFE,iacorg-i8vkm_superuser@mailtest.co.uk,iacorg-32l3v_user743@mailtest.co.uk
iacorg-ogavb,UPNUZ62,iacorg-ogavb_superuser@mailtest.co.uk,iacorg-32l3v_user745@mailtest.co.uk
iacorg-0cdrh,QPGLT0L,iacorg-0cdrh_superuser@mailtest.co.uk,iacorg-32l3v_user746@mailtest.co.uk
iacorg-bpm1e,IUS14Z0,iacorg-bpm1e_superuser@mailtest.co.uk,iacorg-32l3v_user747@mailtest.co.uk
iacorg-gd4os,EP8PH7X,iacorg-gd4os_superuser@mailtest.co.uk,iacorg-32l3v_user748@mailtest.co.uk
iacorg-hxqzf,D5YRDG0,iacorg-hxqzf_superuser@mailtest.co.uk,iacorg-32l3v_user749@mailtest.co.uk
iacorg-2nuwk,VDQ7FW9,iacorg-2nuwk_superuser@mailtest.co.uk,iacorg-32l3v_user750@mailtest.co.uk
iacorg-32l3v,APGPS1H,iacorg-32l3v_superuser@mailtest.co.uk,iacorg-32l3v_user751@mailtest.co.uk
iacorg-k7re0,UHOL10J,iacorg-k7re0_superuser@mailtest.co.uk,iacorg-32l3v_user752@mailtest.co.uk
iacorg-wgmfk,HRLQ9LJ,iacorg-wgmfk_superuser@mailtest.co.uk,iacorg-32l3v_user753@mailtest.co.uk
iacorg-wbkq1,OHS3L84,iacorg-wbkq1_superuser@mailtest.co.uk,iacorg-32l3v_user754@mailtest.co.uk
iacorg-orjlk,FFTJ2KA,iacorg-orjlk_superuser@mailtest.co.uk,iacorg-32l3v_user755@mailtest.co.uk
iacorg-ayzzv,L2PE1Z7,iacorg-ayzzv_superuser@mailtest.co.uk,iacorg-32l3v_user756@mailtest.co.uk
iacorg-y7j2q,6P663RS,iacorg-y7j2q_superuser@mailtest.co.uk,iacorg-32l3v_user757@mailtest.co.uk
iacorg-gcpo0,X0G0JLA,iacorg-gcpo0_superuser@mailtest.co.uk,iacorg-32l3v_user758@mailtest.co.uk
iacorg-uuext,ORSX36S,iacorg-uuext_superuser@mailtest.co.uk,iacorg-32l3v_user759@mailtest.co.uk
iacorg-b16ab,UI1QRGY,iacorg-b16ab_superuser@mailtest.co.uk,iacorg-32l3v_user760@mailtest.co.uk
iacorg-i8vkm,0HXTMFE,iacorg-i8vkm_superuser@mailtest.co.uk,iacorg-32l3v_user762@mailtest.co.uk
iacorg-j1l2r,3TTPGYM,iacorg-j1l2r_superuser@mailtest.co.uk,iacorg-32l3v_user761@mailtest.co.uk
iacorg-0cdrh,QPGLT0L,iacorg-0cdrh_superuser@mailtest.co.uk,iacorg-32l3v_user763@mailtest.co.uk
iacorg-bpm1e,IUS14Z0,iacorg-bpm1e_superuser@mailtest.co.uk,iacorg-32l3v_user764@mailtest.co.uk
iacorg-gd4os,EP8PH7X,iacorg-gd4os_superuser@mailtest.co.uk,iacorg-32l3v_user765@mailtest.co.uk
iacorg-2nuwk,VDQ7FW9,iacorg-2nuwk_superuser@mailtest.co.uk,iacorg-32l3v_user766@mailtest.co.uk
iacorg-32l3v,APGPS1H,iacorg-32l3v_superuser@mailtest.co.uk,iacorg-32l3v_user767@mailtest.co.uk
iacorg-wgmfk,HRLQ9LJ,iacorg-wgmfk_superuser@mailtest.co.uk,iacorg-32l3v_user768@mailtest.co.uk
iacorg-ayzzv,L2PE1Z7,iacorg-ayzzv_superuser@mailtest.co.uk,iacorg-32l3v_user769@mailtest.co.uk
iacorg-y7j2q,6P663RS,iacorg-y7j2q_superuser@mailtest.co.uk,iacorg-32l3v_user770@mailtest.co.uk
iacorg-uuext,ORSX36S,iacorg-uuext_superuser@mailtest.co.uk,iacorg-32l3v_user771@mailtest.co.uk
iacorg-b16ab,UI1QRGY,iacorg-b16ab_superuser@mailtest.co.uk,iacorg-32l3v_user772@mailtest.co.uk
iacorg-0cdrh,QPGLT0L,iacorg-0cdrh_superuser@mailtest.co.uk,iacorg-32l3v_user773@mailtest.co.uk
iacorg-gd4os,EP8PH7X,iacorg-gd4os_superuser@mailtest.co.uk,iacorg-32l3v_user774@mailtest.co.uk
iacorg-32l3v,APGPS1H,iacorg-32l3v_superuser@mailtest.co.uk,iacorg-32l3v_user775@mailtest.co.uk
iacorg-cygej,F71Z6ZH,iacorg-cygej_superuser@mailtest.co.uk,iacorg-cygej_user6@mailtest.co.uk
iacorg-c1iwk,VI2GTFF,iacorg-c1iwk_superuser@mailtest.co.uk,iacorg-c1iwk_user8@mailtest.co.uk
iacorg-f1das,YS81ZTE,iacorg-f1das_superuser@mailtest.co.uk,iacorg-f1das_user7@mailtest.co.uk
iacorg-8ig2p,MQ4XZKK,iacorg-8ig2p_superuser@mailtest.co.uk,iacorg-8ig2p_user0@mailtest.co.uk
iacorg-9xcfg,J3EJMZD,iacorg-9xcfg_superuser@mailtest.co.uk,iacorg-9xcfg_user0@mailtest.co.uk
iacorg-fghff,3WVABWI,iacorg-fghff_superuser@mailtest.co.uk,iacorg-fghff_user0@mailtest.co.uk
iacorg-ce6rb,Y2JCD4L,iacorg-ce6rb_superuser@mailtest.co.uk,iacorg-ce6rb_user1@mailtest.co.uk
iacorg-os6fy,054J8WM,iacorg-os6fy_superuser@mailtest.co.uk,iacorg-os6fy_user2@mailtest.co.uk
iacorg-9reur,4AGLW7U,iacorg-9reur_superuser@mailtest.co.uk,iacorg-9reur_user3@mailtest.co.uk
iacorg-cxunl,3Q37W1D,iacorg-cxunl_superuser@mailtest.co.uk,iacorg-8co5n_user1@mailtest.co.uk
iacorg-8co5n,9GKVR2P,iacorg-8co5n_superuser@mailtest.co.uk,iacorg-8co5n_user2@mailtest.co.uk
iacorg-8co5n,9GKVR2P,iacorg-8co5n_superuser@mailtest.co.uk,iacorg-8co5n_user4@mailtest.co.uk
iacorg-cxunl,3Q37W1D,iacorg-cxunl_superuser@mailtest.co.uk,iacorg-8co5n_user3@mailtest.co.uk
iacorg-cxunl,3Q37W1D,iacorg-cxunl_superuser@mailtest.co.uk,iacorg-8co5n_user1@mailtest.co.uk
iacorg-8co5n,9GKVR2P,iacorg-8co5n_superuser@mailtest.co.uk,iacorg-8co5n_user0@mailtest.co.uk
iacorg-l7e8v,J24LBQ0,iacorg-l7e8v_superuser@mailtest.co.uk,iacorg-l7e8v_user1@mailtest.co.uk
iacorg-sfybh,JPQUWR7,iacorg-sfybh_superuser@mailtest.co.uk,iacorg-sfybh_user2@mailtest.co.uk
iacorg-l7e8v,J24LBQ0,iacorg-l7e8v_superuser@mailtest.co.uk,iacorg-l7e8v_user1@mailtest.co.uk
iacorg-sfybh,JPQUWR7,iacorg-sfybh_superuser@mailtest.co.uk,iacorg-sfybh_user2@mailtest.co.uk
iacorg-l7e8v,J24LBQ0,iacorg-l7e8v_superuser@mailtest.co.uk,iacorg-l7e8v_user1@mailtest.co.uk
iacorg-sfybh,JPQUWR7,iacorg-sfybh_superuser@mailtest.co.uk,iacorg-sfybh_user2@mailtest.co.uk
