	pforgdiv-95km7,IL8IX2O,pforgdiv-95km7-su@mailtest.gov.uk,pforgdiv-95km7-user0@mailinator.com
pforgdiv-oqwzq,DDRBETP,pforgdiv-oqwzq-su@mailtest.gov.uk,pforgdiv-oqwzq-user0@mailinator.com
pforgdiv-xxiz8,RMOEI9N,pforgdiv-xxiz8-su@mailtest.gov.uk,pforgdiv-xxiz8-user0@mailinator.com
pforgdiv-109s5,G0XP0GZ,pforgdiv-109s5-su@mailtest.gov.uk,pforgdiv-109s5-user0@mailinator.com
pforgdiv-95km7,IL8IX2O,pforgdiv-95km7-su@mailtest.gov.uk,pforgdiv-95km7-user1@mailinator.com
pforgdiv-idlsl,7KY604Z,pforgdiv-idlsl-su@mailtest.gov.uk,pforgdiv-idlsl-user0@mailinator.com
pforgdiv-oqwzq,DDRBETP,pforgdiv-oqwzq-su@mailtest.gov.uk,pforgdiv-oqwzq-user1@mailinator.com
pforgdiv-xxiz8,RMOEI9N,pforgdiv-xxiz8-su@mailtest.gov.uk,pforgdiv-xxiz8-user1@mailinator.com
pforgdiv-c0v94,BXL6HW9,pforgdiv-c0v94-su@mailtest.gov.uk,pforgdiv-c0v94-user0@mailinator.com
pforgdiv-lbo7g,6MS19H6,pforgdiv-lbo7g-su@mailtest.gov.uk,pforgdiv-lbo7g-user0@mailinator.com
pforgdiv-109s5,G0XP0GZ,pforgdiv-109s5-su@mailtest.gov.uk,pforgdiv-109s5-user1@mailinator.com
pforgdiv-95km7,IL8IX2O,pforgdiv-95km7-su@mailtest.gov.uk,pforgdiv-95km7-user2@mailinator.com
pforgdiv-asgrq,TNLDCDK,pforgdiv-asgrq-su@mailtest.gov.uk,pforgdiv-asgrq-user0@mailinator.com
pforgdiv-idlsl,7KY604Z,pforgdiv-idlsl-su@mailtest.gov.uk,pforgdiv-idlsl-user1@mailinator.com
pforgdiv-72ba8,YW8BBHL,pforgdiv-72ba8-su@mailtest.gov.uk,pforgdiv-72ba8-user0@mailinator.com
pforgdiv-oqwzq,DDRBETP,pforgdiv-oqwzq-su@mailtest.gov.uk,pforgdiv-oqwzq-user2@mailinator.com
pforgdiv-c0v94,BXL6HW9,pforgdiv-c0v94-su@mailtest.gov.uk,pforgdiv-c0v94-user1@mailinator.com
pforgdiv-l0f9q,NPSRM4K,pforgdiv-l0f9q-su@mailtest.gov.uk,pforgdiv-l0f9q-user0@mailinator.com
pforgdiv-lbo7g,6MS19H6,pforgdiv-lbo7g-su@mailtest.gov.uk,pforgdiv-lbo7g-user1@mailinator.com
pforgdiv-109s5,G0XP0GZ,pforgdiv-109s5-su@mailtest.gov.uk,pforgdiv-109s5-user2@mailinator.com
pforgdiv-xxiz8,RMOEI9N,pforgdiv-xxiz8-su@mailtest.gov.uk,pforgdiv-xxiz8-user2@mailinator.com
pforgdiv-95km7,IL8IX2O,pforgdiv-95km7-su@mailtest.gov.uk,pforgdiv-95km7-user3@mailinator.com
pforgdiv-k6xbc,337WOBP,pforgdiv-k6xbc-su@mailtest.gov.uk,pforgdiv-k6xbc-user0@mailinator.com
pforgdiv-asgrq,TNLDCDK,pforgdiv-asgrq-su@mailtest.gov.uk,pforgdiv-asgrq-user1@mailinator.com
pforgdiv-18haj,MV9NUK0,pforgdiv-18haj-su@mailtest.gov.uk,pforgdiv-18haj-user0@mailinator.com
pforgdiv-idlsl,7KY604Z,pforgdiv-idlsl-su@mailtest.gov.uk,pforgdiv-idlsl-user2@mailinator.com
pforgdiv-oqwzq,DDRBETP,pforgdiv-oqwzq-su@mailtest.gov.uk,pforgdiv-oqwzq-user3@mailinator.com
pforgdiv-72ba8,YW8BBHL,pforgdiv-72ba8-su@mailtest.gov.uk,pforgdiv-72ba8-user1@mailinator.com
pforgdiv-qcbmj,A6LQ6MU,pforgdiv-qcbmj-su@mailtest.gov.uk,pforgdiv-qcbmj-user0@mailinator.com
pforgdiv-c0v94,BXL6HW9,pforgdiv-c0v94-su@mailtest.gov.uk,pforgdiv-c0v94-user2@mailinator.com
pforgdiv-l0f9q,NPSRM4K,pforgdiv-l0f9q-su@mailtest.gov.uk,pforgdiv-l0f9q-user1@mailinator.com
pforgdiv-lcg6u,3N6PDBZ,pforgdiv-lcg6u-su@mailtest.gov.uk,pforgdiv-lcg6u-user0@mailinator.com
pforgdiv-109s5,G0XP0GZ,pforgdiv-109s5-su@mailtest.gov.uk,pforgdiv-109s5-user3@mailinator.com
pforgdiv-xxiz8,RMOEI9N,pforgdiv-xxiz8-su@mailtest.gov.uk,pforgdiv-xxiz8-user3@mailinator.com
pforgdiv-hiuee,L3UMII5,pforgdiv-hiuee-su@mailtest.gov.uk,pforgdiv-hiuee-user0@mailinator.com
pforgdiv-asgrq,TNLDCDK,pforgdiv-asgrq-su@mailtest.gov.uk,pforgdiv-asgrq-user2@mailinator.com
pforgdiv-k6xbc,337WOBP,pforgdiv-k6xbc-su@mailtest.gov.uk,pforgdiv-k6xbc-user1@mailinator.com
pforgdiv-18haj,MV9NUK0,pforgdiv-18haj-su@mailtest.gov.uk,pforgdiv-18haj-user1@mailinator.com
pforgdiv-idlsl,7KY604Z,pforgdiv-idlsl-su@mailtest.gov.uk,pforgdiv-idlsl-user3@mailinator.com
pforgdiv-ienib,6NXT8YZ,pforgdiv-ienib-su@mailtest.gov.uk,pforgdiv-ienib-user0@mailinator.com
pforgdiv-72ba8,YW8BBHL,pforgdiv-72ba8-su@mailtest.gov.uk,pforgdiv-72ba8-user2@mailinator.com
pforgdiv-qcbmj,A6LQ6MU,pforgdiv-qcbmj-su@mailtest.gov.uk,pforgdiv-qcbmj-user1@mailinator.com
pforgdiv-0u6rb,RZPULVM,pforgdiv-0u6rb-su@mailtest.gov.uk,pforgdiv-0u6rb-user0@mailinator.com
pforgdiv-l0f9q,NPSRM4K,pforgdiv-l0f9q-su@mailtest.gov.uk,pforgdiv-l0f9q-user2@mailinator.com
pforgdiv-c0v94,BXL6HW9,pforgdiv-c0v94-su@mailtest.gov.uk,pforgdiv-c0v94-user3@mailinator.com
pforgdiv-lcg6u,3N6PDBZ,pforgdiv-lcg6u-su@mailtest.gov.uk,pforgdiv-lcg6u-user1@mailinator.com
pforgdiv-3al3u,P2XOZRR,pforgdiv-3al3u-su@mailtest.gov.uk,pforgdiv-3al3u-user0@mailinator.com
pforgdiv-hiuee,L3UMII5,pforgdiv-hiuee-su@mailtest.gov.uk,pforgdiv-hiuee-user1@mailinator.com
pforgdiv-asgrq,TNLDCDK,pforgdiv-asgrq-su@mailtest.gov.uk,pforgdiv-asgrq-user3@mailinator.com
pforgdiv-k6xbc,337WOBP,pforgdiv-k6xbc-su@mailtest.gov.uk,pforgdiv-k6xbc-user2@mailinator.com
pforgdiv-7kkdp,FGIIMQN,pforgdiv-7kkdp-su@mailtest.gov.uk,pforgdiv-7kkdp-user0@mailinator.com
pforgdiv-18haj,MV9NUK0,pforgdiv-18haj-su@mailtest.gov.uk,pforgdiv-18haj-user2@mailinator.com
pforgdiv-ienib,6NXT8YZ,pforgdiv-ienib-su@mailtest.gov.uk,pforgdiv-ienib-user1@mailinator.com
pforgdiv-72ba8,YW8BBHL,pforgdiv-72ba8-su@mailtest.gov.uk,pforgdiv-72ba8-user3@mailinator.com
pforgdiv-qcbmj,A6LQ6MU,pforgdiv-qcbmj-su@mailtest.gov.uk,pforgdiv-qcbmj-user2@mailinator.com
pforgdiv-5gw1h,KSZVW3S,pforgdiv-5gw1h-su@mailtest.gov.uk,pforgdiv-5gw1h-user0@mailinator.com
pforgdiv-0u6rb,RZPULVM,pforgdiv-0u6rb-su@mailtest.gov.uk,pforgdiv-0u6rb-user1@mailinator.com
pforgdiv-l0f9q,NPSRM4K,pforgdiv-l0f9q-su@mailtest.gov.uk,pforgdiv-l0f9q-user3@mailinator.com
pforgdiv-6rsn2,TBH5I7V,pforgdiv-6rsn2-su@mailtest.gov.uk,pforgdiv-6rsn2-user0@mailinator.com
pforgdiv-lcg6u,3N6PDBZ,pforgdiv-lcg6u-su@mailtest.gov.uk,pforgdiv-lcg6u-user2@mailinator.com
pforgdiv-3al3u,P2XOZRR,pforgdiv-3al3u-su@mailtest.gov.uk,pforgdiv-3al3u-user1@mailinator.com
pforgdiv-hiuee,L3UMII5,pforgdiv-hiuee-su@mailtest.gov.uk,pforgdiv-hiuee-user2@mailinator.com
pforgdiv-k6xbc,337WOBP,pforgdiv-k6xbc-su@mailtest.gov.uk,pforgdiv-k6xbc-user3@mailinator.com
pforgdiv-7kkdp,FGIIMQN,pforgdiv-7kkdp-su@mailtest.gov.uk,pforgdiv-7kkdp-user1@mailinator.com
pforgdiv-8ydt9,0YOZBNB,pforgdiv-8ydt9-su@mailtest.gov.uk,pforgdiv-8ydt9-user0@mailinator.com
pforgdiv-18haj,MV9NUK0,pforgdiv-18haj-su@mailtest.gov.uk,pforgdiv-18haj-user3@mailinator.com
pforgdiv-ienib,6NXT8YZ,pforgdiv-ienib-su@mailtest.gov.uk,pforgdiv-ienib-user2@mailinator.com
pforgdiv-xxzl7,4XZKEAS,pforgdiv-xxzl7-su@mailtest.gov.uk,pforgdiv-xxzl7-user0@mailinator.com
pforgdiv-qcbmj,A6LQ6MU,pforgdiv-qcbmj-su@mailtest.gov.uk,pforgdiv-qcbmj-user3@mailinator.com
pforgdiv-15znc,XTAQQ97,pforgdiv-15znc-su@mailtest.gov.uk,pforgdiv-15znc-user0@mailinator.com
pforgdiv-0u6rb,RZPULVM,pforgdiv-0u6rb-su@mailtest.gov.uk,pforgdiv-0u6rb-user2@mailinator.com
pforgdiv-6rsn2,TBH5I7V,pforgdiv-6rsn2-su@mailtest.gov.uk,pforgdiv-6rsn2-user1@mailinator.com
pforgdiv-lcg6u,3N6PDBZ,pforgdiv-lcg6u-su@mailtest.gov.uk,pforgdiv-lcg6u-user3@mailinator.com
pforgdiv-3al3u,P2XOZRR,pforgdiv-3al3u-su@mailtest.gov.uk,pforgdiv-3al3u-user2@mailinator.com
pforgdiv-aasze,9D40FK3,pforgdiv-aasze-su@mailtest.gov.uk,pforgdiv-aasze-user0@mailinator.com
pforgdiv-hiuee,L3UMII5,pforgdiv-hiuee-su@mailtest.gov.uk,pforgdiv-hiuee-user3@mailinator.com
pforgdiv-7kkdp,FGIIMQN,pforgdiv-7kkdp-su@mailtest.gov.uk,pforgdiv-7kkdp-user2@mailinator.com
pforgdiv-xr82r,MYACK61,pforgdiv-xr82r-su@mailtest.gov.uk,pforgdiv-xr82r-user0@mailinator.com
pforgdiv-8ydt9,0YOZBNB,pforgdiv-8ydt9-su@mailtest.gov.uk,pforgdiv-8ydt9-user1@mailinator.com
pforgdiv-xxzl7,4XZKEAS,pforgdiv-xxzl7-su@mailtest.gov.uk,pforgdiv-xxzl7-user1@mailinator.com
pforgdiv-21ffj,2KQTSXC,pforgdiv-21ffj-su@mailtest.gov.uk,pforgdiv-21ffj-user0@mailinator.com
pforgdiv-ienib,6NXT8YZ,pforgdiv-ienib-su@mailtest.gov.uk,pforgdiv-ienib-user3@mailinator.com
pforgdiv-15znc,XTAQQ97,pforgdiv-15znc-su@mailtest.gov.uk,pforgdiv-15znc-user1@mailinator.com
pforgdiv-0u6rb,RZPULVM,pforgdiv-0u6rb-su@mailtest.gov.uk,pforgdiv-0u6rb-user3@mailinator.com
pforgdiv-6rsn2,TBH5I7V,pforgdiv-6rsn2-su@mailtest.gov.uk,pforgdiv-6rsn2-user2@mailinator.com
pforgdiv-d4cop,MDU55UL,pforgdiv-d4cop-su@mailtest.gov.uk,pforgdiv-d4cop-user0@mailinator.com
pforgdiv-3al3u,P2XOZRR,pforgdiv-3al3u-su@mailtest.gov.uk,pforgdiv-3al3u-user3@mailinator.com
pforgdiv-s7qe4,9CFVSRF,pforgdiv-s7qe4-su@mailtest.gov.uk,pforgdiv-s7qe4-user0@mailinator.com
pforgdiv-7kkdp,FGIIMQN,pforgdiv-7kkdp-su@mailtest.gov.uk,pforgdiv-7kkdp-user3@mailinator.com
pforgdiv-aasze,9D40FK3,pforgdiv-aasze-su@mailtest.gov.uk,pforgdiv-aasze-user1@mailinator.com
pforgdiv-8ydt9,0YOZBNB,pforgdiv-8ydt9-su@mailtest.gov.uk,pforgdiv-8ydt9-user2@mailinator.com
pforgdiv-xr82r,MYACK61,pforgdiv-xr82r-su@mailtest.gov.uk,pforgdiv-xr82r-user1@mailinator.com
pforgdiv-q5334,RS0RCGC,pforgdiv-q5334-su@mailtest.gov.uk,pforgdiv-q5334-user0@mailinator.com
pforgdiv-xxzl7,4XZKEAS,pforgdiv-xxzl7-su@mailtest.gov.uk,pforgdiv-xxzl7-user2@mailinator.com
pforgdiv-21ffj,2KQTSXC,pforgdiv-21ffj-su@mailtest.gov.uk,pforgdiv-21ffj-user1@mailinator.com
pforgdiv-15znc,XTAQQ97,pforgdiv-15znc-su@mailtest.gov.uk,pforgdiv-15znc-user2@mailinator.com
pforgdiv-6rsn2,TBH5I7V,pforgdiv-6rsn2-su@mailtest.gov.uk,pforgdiv-6rsn2-user3@mailinator.com
pforgdiv-d4cop,MDU55UL,pforgdiv-d4cop-su@mailtest.gov.uk,pforgdiv-d4cop-user1@mailinator.com
pforgdiv-413xb,X931B9Y,pforgdiv-413xb-su@mailtest.gov.uk,pforgdiv-413xb-user0@mailinator.com
pforgdiv-s7qe4,9CFVSRF,pforgdiv-s7qe4-su@mailtest.gov.uk,pforgdiv-s7qe4-user1@mailinator.com
pforgdiv-aasze,9D40FK3,pforgdiv-aasze-su@mailtest.gov.uk,pforgdiv-aasze-user2@mailinator.com
pforgdiv-4vcr6,5GA3XTE,pforgdiv-4vcr6-su@mailtest.gov.uk,pforgdiv-4vcr6-user0@mailinator.com
pforgdiv-8ydt9,0YOZBNB,pforgdiv-8ydt9-su@mailtest.gov.uk,pforgdiv-8ydt9-user3@mailinator.com
pforgdiv-xr82r,MYACK61,pforgdiv-xr82r-su@mailtest.gov.uk,pforgdiv-xr82r-user2@mailinator.com
pforgdiv-xxzl7,4XZKEAS,pforgdiv-xxzl7-su@mailtest.gov.uk,pforgdiv-xxzl7-user3@mailinator.com
pforgdiv-21ffj,2KQTSXC,pforgdiv-21ffj-su@mailtest.gov.uk,pforgdiv-21ffj-user2@mailinator.com
pforgdiv-q5334,RS0RCGC,pforgdiv-q5334-su@mailtest.gov.uk,pforgdiv-q5334-user1@mailinator.com
pforgdiv-zb4t0,KGEEK4H,pforgdiv-zb4t0-su@mailtest.gov.uk,pforgdiv-zb4t0-user0@mailinator.com
pforgdiv-15znc,XTAQQ97,pforgdiv-15znc-su@mailtest.gov.uk,pforgdiv-15znc-user3@mailinator.com
pforgdiv-d4cop,MDU55UL,pforgdiv-d4cop-su@mailtest.gov.uk,pforgdiv-d4cop-user2@mailinator.com
pforgdiv-j0k9e,EE11GBS,pforgdiv-j0k9e-su@mailtest.gov.uk,pforgdiv-j0k9e-user0@mailinator.com
pforgdiv-413xb,X931B9Y,pforgdiv-413xb-su@mailtest.gov.uk,pforgdiv-413xb-user1@mailinator.com
pforgdiv-s7qe4,9CFVSRF,pforgdiv-s7qe4-su@mailtest.gov.uk,pforgdiv-s7qe4-user2@mailinator.com
pforgdiv-aasze,9D40FK3,pforgdiv-aasze-su@mailtest.gov.uk,pforgdiv-aasze-user3@mailinator.com
pforgdiv-51dea,N6OD48M,pforgdiv-51dea-su@mailtest.gov.uk,pforgdiv-51dea-user0@mailinator.com
pforgdiv-4vcr6,5GA3XTE,pforgdiv-4vcr6-su@mailtest.gov.uk,pforgdiv-4vcr6-user1@mailinator.com
pforgdiv-xr82r,MYACK61,pforgdiv-xr82r-su@mailtest.gov.uk,pforgdiv-xr82r-user3@mailinator.com
pforgdiv-kqczs,795Y413,pforgdiv-kqczs-su@mailtest.gov.uk,pforgdiv-kqczs-user0@mailinator.com
pforgdiv-21ffj,2KQTSXC,pforgdiv-21ffj-su@mailtest.gov.uk,pforgdiv-21ffj-user3@mailinator.com
pforgdiv-q5334,RS0RCGC,pforgdiv-q5334-su@mailtest.gov.uk,pforgdiv-q5334-user2@mailinator.com
pforgdiv-zb4t0,KGEEK4H,pforgdiv-zb4t0-su@mailtest.gov.uk,pforgdiv-zb4t0-user1@mailinator.com
pforgdiv-5buxa,276SDHW,pforgdiv-5buxa-su@mailtest.gov.uk,pforgdiv-5buxa-user0@mailinator.com
pforgdiv-d4cop,MDU55UL,pforgdiv-d4cop-su@mailtest.gov.uk,pforgdiv-d4cop-user3@mailinator.com
pforgdiv-413xb,X931B9Y,pforgdiv-413xb-su@mailtest.gov.uk,pforgdiv-413xb-user2@mailinator.com
pforgdiv-s7qe4,9CFVSRF,pforgdiv-s7qe4-su@mailtest.gov.uk,pforgdiv-s7qe4-user3@mailinator.com
pforgdiv-j0k9e,EE11GBS,pforgdiv-j0k9e-su@mailtest.gov.uk,pforgdiv-j0k9e-user1@mailinator.com
pforgdiv-uakri,PMHYNB4,pforgdiv-uakri-su@mailtest.gov.uk,pforgdiv-uakri-user0@mailinator.com
pforgdiv-4vcr6,5GA3XTE,pforgdiv-4vcr6-su@mailtest.gov.uk,pforgdiv-4vcr6-user2@mailinator.com
pforgdiv-w208l,92TVQMV,pforgdiv-w208l-su@mailtest.gov.uk,pforgdiv-w208l-user0@mailinator.com
pforgdiv-51dea,N6OD48M,pforgdiv-51dea-su@mailtest.gov.uk,pforgdiv-51dea-user1@mailinator.com
pforgdiv-kqczs,795Y413,pforgdiv-kqczs-su@mailtest.gov.uk,pforgdiv-kqczs-user1@mailinator.com
pforgdiv-vvwjo,L5LB4H9,pforgdiv-vvwjo-su@mailtest.gov.uk,pforgdiv-vvwjo-user0@mailinator.com
pforgdiv-zb4t0,KGEEK4H,pforgdiv-zb4t0-su@mailtest.gov.uk,pforgdiv-zb4t0-user2@mailinator.com
pforgdiv-q5334,RS0RCGC,pforgdiv-q5334-su@mailtest.gov.uk,pforgdiv-q5334-user3@mailinator.com
pforgdiv-5buxa,276SDHW,pforgdiv-5buxa-su@mailtest.gov.uk,pforgdiv-5buxa-user1@mailinator.com
pforgdiv-zep57,2QPWVZJ,pforgdiv-zep57-su@mailtest.gov.uk,pforgdiv-zep57-user0@mailinator.com
pforgdiv-j0k9e,EE11GBS,pforgdiv-j0k9e-su@mailtest.gov.uk,pforgdiv-j0k9e-user2@mailinator.com
pforgdiv-413xb,X931B9Y,pforgdiv-413xb-su@mailtest.gov.uk,pforgdiv-413xb-user3@mailinator.com
pforgdiv-uakri,PMHYNB4,pforgdiv-uakri-su@mailtest.gov.uk,pforgdiv-uakri-user1@mailinator.com
pforgdiv-4vcr6,5GA3XTE,pforgdiv-4vcr6-su@mailtest.gov.uk,pforgdiv-4vcr6-user3@mailinator.com
pforgdiv-w208l,92TVQMV,pforgdiv-w208l-su@mailtest.gov.uk,pforgdiv-w208l-user1@mailinator.com
pforgdiv-51dea,N6OD48M,pforgdiv-51dea-su@mailtest.gov.uk,pforgdiv-51dea-user2@mailinator.com
pforgdiv-c3siy,UQJWS16,pforgdiv-c3siy-su@mailtest.gov.uk,pforgdiv-c3siy-user0@mailinator.com
pforgdiv-vvwjo,L5LB4H9,pforgdiv-vvwjo-su@mailtest.gov.uk,pforgdiv-vvwjo-user1@mailinator.com
pforgdiv-zb4t0,KGEEK4H,pforgdiv-zb4t0-su@mailtest.gov.uk,pforgdiv-zb4t0-user3@mailinator.com
pforgdiv-kqczs,795Y413,pforgdiv-kqczs-su@mailtest.gov.uk,pforgdiv-kqczs-user2@mailinator.com
pforgdiv-5buxa,276SDHW,pforgdiv-5buxa-su@mailtest.gov.uk,pforgdiv-5buxa-user2@mailinator.com
pforgdiv-pvrl4,ONA99D8,pforgdiv-pvrl4-su@mailtest.gov.uk,pforgdiv-pvrl4-user0@mailinator.com
pforgdiv-j0k9e,EE11GBS,pforgdiv-j0k9e-su@mailtest.gov.uk,pforgdiv-j0k9e-user3@mailinator.com
pforgdiv-uakri,PMHYNB4,pforgdiv-uakri-su@mailtest.gov.uk,pforgdiv-uakri-user2@mailinator.com
pforgdiv-b87ol,GXIAU7K,pforgdiv-b87ol-su@mailtest.gov.uk,pforgdiv-b87ol-user0@mailinator.com
pforgdiv-zep57,2QPWVZJ,pforgdiv-zep57-su@mailtest.gov.uk,pforgdiv-zep57-user1@mailinator.com
pforgdiv-iywii,QSEG72O,pforgdiv-iywii-su@mailtest.gov.uk,pforgdiv-iywii-user0@mailinator.com
pforgdiv-w208l,92TVQMV,pforgdiv-w208l-su@mailtest.gov.uk,pforgdiv-w208l-user2@mailinator.com
pforgdiv-51dea,N6OD48M,pforgdiv-51dea-su@mailtest.gov.uk,pforgdiv-51dea-user3@mailinator.com
pforgdiv-c3siy,UQJWS16,pforgdiv-c3siy-su@mailtest.gov.uk,pforgdiv-c3siy-user1@mailinator.com
pforgdiv-kqczs,795Y413,pforgdiv-kqczs-su@mailtest.gov.uk,pforgdiv-kqczs-user3@mailinator.com
pforgdiv-pu1x8,4OXVGZE,pforgdiv-pu1x8-su@mailtest.gov.uk,pforgdiv-pu1x8-user0@mailinator.com
pforgdiv-vvwjo,L5LB4H9,pforgdiv-vvwjo-su@mailtest.gov.uk,pforgdiv-vvwjo-user2@mailinator.com
pforgdiv-5buxa,276SDHW,pforgdiv-5buxa-su@mailtest.gov.uk,pforgdiv-5buxa-user3@mailinator.com
pforgdiv-pvrl4,ONA99D8,pforgdiv-pvrl4-su@mailtest.gov.uk,pforgdiv-pvrl4-user1@mailinator.com
pforgdiv-7j7m9,QEXRPOA,pforgdiv-7j7m9-su@mailtest.gov.uk,pforgdiv-7j7m9-user0@mailinator.com
pforgdiv-uakri,PMHYNB4,pforgdiv-uakri-su@mailtest.gov.uk,pforgdiv-uakri-user3@mailinator.com
pforgdiv-b87ol,GXIAU7K,pforgdiv-b87ol-su@mailtest.gov.uk,pforgdiv-b87ol-user1@mailinator.com
pforgdiv-zep57,2QPWVZJ,pforgdiv-zep57-su@mailtest.gov.uk,pforgdiv-zep57-user2@mailinator.com
pforgdiv-dd3qp,9DS8OVJ,pforgdiv-dd3qp-su@mailtest.gov.uk,pforgdiv-dd3qp-user0@mailinator.com
pforgdiv-w208l,92TVQMV,pforgdiv-w208l-su@mailtest.gov.uk,pforgdiv-w208l-user3@mailinator.com
pforgdiv-8wymc,GF5RKBB,pforgdiv-8wymc-su@mailtest.gov.uk,pforgdiv-8wymc-user0@mailinator.com
pforgdiv-iywii,QSEG72O,pforgdiv-iywii-su@mailtest.gov.uk,pforgdiv-iywii-user1@mailinator.com
pforgdiv-c3siy,UQJWS16,pforgdiv-c3siy-su@mailtest.gov.uk,pforgdiv-c3siy-user2@mailinator.com
pforgdiv-vvwjo,L5LB4H9,pforgdiv-vvwjo-su@mailtest.gov.uk,pforgdiv-vvwjo-user3@mailinator.com
pforgdiv-pu1x8,4OXVGZE,pforgdiv-pu1x8-su@mailtest.gov.uk,pforgdiv-pu1x8-user1@mailinator.com
pforgdiv-py829,ZRAKHAJ,pforgdiv-py829-su@mailtest.gov.uk,pforgdiv-py829-user0@mailinator.com
pforgdiv-pvrl4,ONA99D8,pforgdiv-pvrl4-su@mailtest.gov.uk,pforgdiv-pvrl4-user2@mailinator.com
pforgdiv-7j7m9,QEXRPOA,pforgdiv-7j7m9-su@mailtest.gov.uk,pforgdiv-7j7m9-user1@mailinator.com
pforgdiv-vhhdn,DNEDRGR,pforgdiv-vhhdn-su@mailtest.gov.uk,pforgdiv-vhhdn-user0@mailinator.com
pforgdiv-zep57,2QPWVZJ,pforgdiv-zep57-su@mailtest.gov.uk,pforgdiv-zep57-user3@mailinator.com
pforgdiv-dd3qp,9DS8OVJ,pforgdiv-dd3qp-su@mailtest.gov.uk,pforgdiv-dd3qp-user1@mailinator.com
pforgdiv-rs3ui,YABHWKR,pforgdiv-rs3ui-su@mailtest.gov.uk,pforgdiv-rs3ui-user0@mailinator.com
pforgdiv-b87ol,GXIAU7K,pforgdiv-b87ol-su@mailtest.gov.uk,pforgdiv-b87ol-user2@mailinator.com
pforgdiv-8wymc,GF5RKBB,pforgdiv-8wymc-su@mailtest.gov.uk,pforgdiv-8wymc-user1@mailinator.com
pforgdiv-iywii,QSEG72O,pforgdiv-iywii-su@mailtest.gov.uk,pforgdiv-iywii-user2@mailinator.com
pforgdiv-tp99j,UZWWLTG,pforgdiv-tp99j-su@mailtest.gov.uk,pforgdiv-tp99j-user0@mailinator.com
pforgdiv-pu1x8,4OXVGZE,pforgdiv-pu1x8-su@mailtest.gov.uk,pforgdiv-pu1x8-user2@mailinator.com
pforgdiv-c3siy,UQJWS16,pforgdiv-c3siy-su@mailtest.gov.uk,pforgdiv-c3siy-user3@mailinator.com
pforgdiv-py829,ZRAKHAJ,pforgdiv-py829-su@mailtest.gov.uk,pforgdiv-py829-user1@mailinator.com
pforgdiv-pvrl4,ONA99D8,pforgdiv-pvrl4-su@mailtest.gov.uk,pforgdiv-pvrl4-user3@mailinator.com
pforgdiv-7j7m9,QEXRPOA,pforgdiv-7j7m9-su@mailtest.gov.uk,pforgdiv-7j7m9-user2@mailinator.com
pforgdiv-jlwhp,03CYBR6,pforgdiv-jlwhp-su@mailtest.gov.uk,pforgdiv-jlwhp-user0@mailinator.com
pforgdiv-vhhdn,DNEDRGR,pforgdiv-vhhdn-su@mailtest.gov.uk,pforgdiv-vhhdn-user1@mailinator.com
pforgdiv-j0djm,J9ZQ3D6,pforgdiv-j0djm-su@mailtest.gov.uk,pforgdiv-j0djm-user0@mailinator.com
pforgdiv-dd3qp,9DS8OVJ,pforgdiv-dd3qp-su@mailtest.gov.uk,pforgdiv-dd3qp-user2@mailinator.com
pforgdiv-rs3ui,YABHWKR,pforgdiv-rs3ui-su@mailtest.gov.uk,pforgdiv-rs3ui-user1@mailinator.com
pforgdiv-b87ol,GXIAU7K,pforgdiv-b87ol-su@mailtest.gov.uk,pforgdiv-b87ol-user3@mailinator.com
pforgdiv-1j9j7,FDCH0VD,pforgdiv-1j9j7-su@mailtest.gov.uk,pforgdiv-1j9j7-user0@mailinator.com
pforgdiv-iywii,QSEG72O,pforgdiv-iywii-su@mailtest.gov.uk,pforgdiv-iywii-user3@mailinator.com
pforgdiv-8wymc,GF5RKBB,pforgdiv-8wymc-su@mailtest.gov.uk,pforgdiv-8wymc-user2@mailinator.com
pforgdiv-tp99j,UZWWLTG,pforgdiv-tp99j-su@mailtest.gov.uk,pforgdiv-tp99j-user1@mailinator.com
pforgdiv-pu1x8,4OXVGZE,pforgdiv-pu1x8-su@mailtest.gov.uk,pforgdiv-pu1x8-user3@mailinator.com
pforgdiv-jlwhp,03CYBR6,pforgdiv-jlwhp-su@mailtest.gov.uk,pforgdiv-jlwhp-user1@mailinator.com
pforgdiv-py829,ZRAKHAJ,pforgdiv-py829-su@mailtest.gov.uk,pforgdiv-py829-user2@mailinator.com
pforgdiv-casww,75E1YAX,pforgdiv-casww-su@mailtest.gov.uk,pforgdiv-casww-user0@mailinator.com
pforgdiv-7j7m9,QEXRPOA,pforgdiv-7j7m9-su@mailtest.gov.uk,pforgdiv-7j7m9-user3@mailinator.com
pforgdiv-vhhdn,DNEDRGR,pforgdiv-vhhdn-su@mailtest.gov.uk,pforgdiv-vhhdn-user2@mailinator.com
pforgdiv-hnql5,FZBJIF3,pforgdiv-hnql5-su@mailtest.gov.uk,pforgdiv-hnql5-user0@mailinator.com
pforgdiv-j0djm,J9ZQ3D6,pforgdiv-j0djm-su@mailtest.gov.uk,pforgdiv-j0djm-user1@mailinator.com
pforgdiv-dd3qp,9DS8OVJ,pforgdiv-dd3qp-su@mailtest.gov.uk,pforgdiv-dd3qp-user3@mailinator.com
pforgdiv-rs3ui,YABHWKR,pforgdiv-rs3ui-su@mailtest.gov.uk,pforgdiv-rs3ui-user2@mailinator.com
pforgdiv-x8shq,WGHB2G0,pforgdiv-x8shq-su@mailtest.gov.uk,pforgdiv-x8shq-user0@mailinator.com
pforgdiv-1j9j7,FDCH0VD,pforgdiv-1j9j7-su@mailtest.gov.uk,pforgdiv-1j9j7-user1@mailinator.com
pforgdiv-jlwhp,03CYBR6,pforgdiv-jlwhp-su@mailtest.gov.uk,pforgdiv-jlwhp-user2@mailinator.com
pforgdiv-8wymc,GF5RKBB,pforgdiv-8wymc-su@mailtest.gov.uk,pforgdiv-8wymc-user3@mailinator.com
pforgdiv-tp99j,UZWWLTG,pforgdiv-tp99j-su@mailtest.gov.uk,pforgdiv-tp99j-user2@mailinator.com
pforgdiv-m2hjr,7G77KEW,pforgdiv-m2hjr-su@mailtest.gov.uk,pforgdiv-m2hjr-user0@mailinator.com
pforgdiv-py829,ZRAKHAJ,pforgdiv-py829-su@mailtest.gov.uk,pforgdiv-py829-user3@mailinator.com
pforgdiv-casww,75E1YAX,pforgdiv-casww-su@mailtest.gov.uk,pforgdiv-casww-user1@mailinator.com
pforgdiv-ws93t,81TY5N5,pforgdiv-ws93t-su@mailtest.gov.uk,pforgdiv-ws93t-user0@mailinator.com
pforgdiv-vhhdn,DNEDRGR,pforgdiv-vhhdn-su@mailtest.gov.uk,pforgdiv-vhhdn-user3@mailinator.com
pforgdiv-hnql5,FZBJIF3,pforgdiv-hnql5-su@mailtest.gov.uk,pforgdiv-hnql5-user1@mailinator.com
pforgdiv-j0djm,J9ZQ3D6,pforgdiv-j0djm-su@mailtest.gov.uk,pforgdiv-j0djm-user2@mailinator.com
pforgdiv-jlwhp,03CYBR6,pforgdiv-jlwhp-su@mailtest.gov.uk,pforgdiv-jlwhp-user3@mailinator.com
pforgdiv-rs3ui,YABHWKR,pforgdiv-rs3ui-su@mailtest.gov.uk,pforgdiv-rs3ui-user3@mailinator.com
pforgdiv-lfrmn,QYHLEC3,pforgdiv-lfrmn-su@mailtest.gov.uk,pforgdiv-lfrmn-user0@mailinator.com
pforgdiv-x8shq,WGHB2G0,pforgdiv-x8shq-su@mailtest.gov.uk,pforgdiv-x8shq-user1@mailinator.com
pforgdiv-1j9j7,FDCH0VD,pforgdiv-1j9j7-su@mailtest.gov.uk,pforgdiv-1j9j7-user2@mailinator.com
pforgdiv-5oaum,NTRNO73,pforgdiv-5oaum-su@mailtest.gov.uk,pforgdiv-5oaum-user0@mailinator.com
pforgdiv-tp99j,UZWWLTG,pforgdiv-tp99j-su@mailtest.gov.uk,pforgdiv-tp99j-user3@mailinator.com
pforgdiv-m2hjr,7G77KEW,pforgdiv-m2hjr-su@mailtest.gov.uk,pforgdiv-m2hjr-user1@mailinator.com
pforgdiv-uuad4,PTN95C6,pforgdiv-uuad4-su@mailtest.gov.uk,pforgdiv-uuad4-user0@mailinator.com
pforgdiv-casww,75E1YAX,pforgdiv-casww-su@mailtest.gov.uk,pforgdiv-casww-user2@mailinator.com
pforgdiv-ws93t,81TY5N5,pforgdiv-ws93t-su@mailtest.gov.uk,pforgdiv-ws93t-user1@mailinator.com
pforgdiv-hnql5,FZBJIF3,pforgdiv-hnql5-su@mailtest.gov.uk,pforgdiv-hnql5-user2@mailinator.com
pforgdiv-26qm3,1WXWHK6,pforgdiv-26qm3-su@mailtest.gov.uk,pforgdiv-26qm3-user0@mailinator.com
pforgdiv-j0djm,J9ZQ3D6,pforgdiv-j0djm-su@mailtest.gov.uk,pforgdiv-j0djm-user3@mailinator.com
pforgdiv-lfrmn,QYHLEC3,pforgdiv-lfrmn-su@mailtest.gov.uk,pforgdiv-lfrmn-user1@mailinator.com
pforgdiv-x8shq,WGHB2G0,pforgdiv-x8shq-su@mailtest.gov.uk,pforgdiv-x8shq-user2@mailinator.com
pforgdiv-uuk1s,R2UL0F3,pforgdiv-uuk1s-su@mailtest.gov.uk,pforgdiv-uuk1s-user0@mailinator.com
pforgdiv-1j9j7,FDCH0VD,pforgdiv-1j9j7-su@mailtest.gov.uk,pforgdiv-1j9j7-user3@mailinator.com
pforgdiv-5oaum,NTRNO73,pforgdiv-5oaum-su@mailtest.gov.uk,pforgdiv-5oaum-user1@mailinator.com
pforgdiv-m2hjr,7G77KEW,pforgdiv-m2hjr-su@mailtest.gov.uk,pforgdiv-m2hjr-user2@mailinator.com
pforgdiv-r1nfz,G2XMCYV,pforgdiv-r1nfz-su@mailtest.gov.uk,pforgdiv-r1nfz-user0@mailinator.com
pforgdiv-casww,75E1YAX,pforgdiv-casww-su@mailtest.gov.uk,pforgdiv-casww-user3@mailinator.com
pforgdiv-uuad4,PTN95C6,pforgdiv-uuad4-su@mailtest.gov.uk,pforgdiv-uuad4-user1@mailinator.com
pforgdiv-ws93t,81TY5N5,pforgdiv-ws93t-su@mailtest.gov.uk,pforgdiv-ws93t-user2@mailinator.com
pforgdiv-mk11e,NHCR16O,pforgdiv-mk11e-su@mailtest.gov.uk,pforgdiv-mk11e-user0@mailinator.com
pforgdiv-hnql5,FZBJIF3,pforgdiv-hnql5-su@mailtest.gov.uk,pforgdiv-hnql5-user3@mailinator.com
pforgdiv-26qm3,1WXWHK6,pforgdiv-26qm3-su@mailtest.gov.uk,pforgdiv-26qm3-user1@mailinator.com
pforgdiv-sj2h8,FB7H8CT,pforgdiv-sj2h8-su@mailtest.gov.uk,pforgdiv-sj2h8-user0@mailinator.com
pforgdiv-lfrmn,QYHLEC3,pforgdiv-lfrmn-su@mailtest.gov.uk,pforgdiv-lfrmn-user2@mailinator.com
pforgdiv-x8shq,WGHB2G0,pforgdiv-x8shq-su@mailtest.gov.uk,pforgdiv-x8shq-user3@mailinator.com
pforgdiv-uuk1s,R2UL0F3,pforgdiv-uuk1s-su@mailtest.gov.uk,pforgdiv-uuk1s-user1@mailinator.com
pforgdiv-fztfu,94DASTA,pforgdiv-fztfu-su@mailtest.gov.uk,pforgdiv-fztfu-user0@mailinator.com
pforgdiv-5oaum,NTRNO73,pforgdiv-5oaum-su@mailtest.gov.uk,pforgdiv-5oaum-user2@mailinator.com
pforgdiv-m2hjr,7G77KEW,pforgdiv-m2hjr-su@mailtest.gov.uk,pforgdiv-m2hjr-user3@mailinator.com
pforgdiv-r1nfz,G2XMCYV,pforgdiv-r1nfz-su@mailtest.gov.uk,pforgdiv-r1nfz-user1@mailinator.com
pforgdiv-uuad4,PTN95C6,pforgdiv-uuad4-su@mailtest.gov.uk,pforgdiv-uuad4-user2@mailinator.com
pforgdiv-ztycf,UCYANEH,pforgdiv-ztycf-su@mailtest.gov.uk,pforgdiv-ztycf-user0@mailinator.com
pforgdiv-ws93t,81TY5N5,pforgdiv-ws93t-su@mailtest.gov.uk,pforgdiv-ws93t-user3@mailinator.com
pforgdiv-mk11e,NHCR16O,pforgdiv-mk11e-su@mailtest.gov.uk,pforgdiv-mk11e-user1@mailinator.com
pforgdiv-26qm3,1WXWHK6,pforgdiv-26qm3-su@mailtest.gov.uk,pforgdiv-26qm3-user2@mailinator.com
pforgdiv-lq4xj,9KKBSTW,pforgdiv-lq4xj-su@mailtest.gov.uk,pforgdiv-lq4xj-user0@mailinator.com
pforgdiv-sj2h8,FB7H8CT,pforgdiv-sj2h8-su@mailtest.gov.uk,pforgdiv-sj2h8-user1@mailinator.com
pforgdiv-lfrmn,QYHLEC3,pforgdiv-lfrmn-su@mailtest.gov.uk,pforgdiv-lfrmn-user3@mailinator.com
pforgdiv-lv7sn,37336WW,pforgdiv-lv7sn-su@mailtest.gov.uk,pforgdiv-lv7sn-user0@mailinator.com
pforgdiv-uuk1s,R2UL0F3,pforgdiv-uuk1s-su@mailtest.gov.uk,pforgdiv-uuk1s-user2@mailinator.com
pforgdiv-fztfu,94DASTA,pforgdiv-fztfu-su@mailtest.gov.uk,pforgdiv-fztfu-user1@mailinator.com
pforgdiv-5oaum,NTRNO73,pforgdiv-5oaum-su@mailtest.gov.uk,pforgdiv-5oaum-user3@mailinator.com
pforgdiv-r1nfz,G2XMCYV,pforgdiv-r1nfz-su@mailtest.gov.uk,pforgdiv-r1nfz-user2@mailinator.com
pforgdiv-pqqs3,9MJUK88,pforgdiv-pqqs3-su@mailtest.gov.uk,pforgdiv-pqqs3-user0@mailinator.com
pforgdiv-uuad4,PTN95C6,pforgdiv-uuad4-su@mailtest.gov.uk,pforgdiv-uuad4-user3@mailinator.com
pforgdiv-ztycf,UCYANEH,pforgdiv-ztycf-su@mailtest.gov.uk,pforgdiv-ztycf-user1@mailinator.com
pforgdiv-mk11e,NHCR16O,pforgdiv-mk11e-su@mailtest.gov.uk,pforgdiv-mk11e-user2@mailinator.com
pforgdiv-8etkh,O393QBO,pforgdiv-8etkh-su@mailtest.gov.uk,pforgdiv-8etkh-user0@mailinator.com
pforgdiv-26qm3,1WXWHK6,pforgdiv-26qm3-su@mailtest.gov.uk,pforgdiv-26qm3-user3@mailinator.com
pforgdiv-lq4xj,9KKBSTW,pforgdiv-lq4xj-su@mailtest.gov.uk,pforgdiv-lq4xj-user1@mailinator.com
pforgdiv-sj2h8,FB7H8CT,pforgdiv-sj2h8-su@mailtest.gov.uk,pforgdiv-sj2h8-user2@mailinator.com
pforgdiv-v71m9,Z5Q4XNR,pforgdiv-v71m9-su@mailtest.gov.uk,pforgdiv-v71m9-user0@mailinator.com
pforgdiv-lv7sn,37336WW,pforgdiv-lv7sn-su@mailtest.gov.uk,pforgdiv-lv7sn-user1@mailinator.com
pforgdiv-uuk1s,R2UL0F3,pforgdiv-uuk1s-su@mailtest.gov.uk,pforgdiv-uuk1s-user3@mailinator.com
pforgdiv-fztfu,94DASTA,pforgdiv-fztfu-su@mailtest.gov.uk,pforgdiv-fztfu-user2@mailinator.com
pforgdiv-7xcpb,3FATIUD,pforgdiv-7xcpb-su@mailtest.gov.uk,pforgdiv-7xcpb-user0@mailinator.com
pforgdiv-pqqs3,9MJUK88,pforgdiv-pqqs3-su@mailtest.gov.uk,pforgdiv-pqqs3-user1@mailinator.com
pforgdiv-r1nfz,G2XMCYV,pforgdiv-r1nfz-su@mailtest.gov.uk,pforgdiv-r1nfz-user3@mailinator.com
pforgdiv-ztycf,UCYANEH,pforgdiv-ztycf-su@mailtest.gov.uk,pforgdiv-ztycf-user2@mailinator.com
pforgdiv-mcimm,W232UYC,pforgdiv-mcimm-su@mailtest.gov.uk,pforgdiv-mcimm-user0@mailinator.com
pforgdiv-mk11e,NHCR16O,pforgdiv-mk11e-su@mailtest.gov.uk,pforgdiv-mk11e-user3@mailinator.com
pforgdiv-8etkh,O393QBO,pforgdiv-8etkh-su@mailtest.gov.uk,pforgdiv-8etkh-user1@mailinator.com
pforgdiv-p5hai,VVD6B21,pforgdiv-p5hai-su@mailtest.gov.uk,pforgdiv-p5hai-user0@mailinator.com
pforgdiv-sj2h8,FB7H8CT,pforgdiv-sj2h8-su@mailtest.gov.uk,pforgdiv-sj2h8-user3@mailinator.com
pforgdiv-v71m9,Z5Q4XNR,pforgdiv-v71m9-su@mailtest.gov.uk,pforgdiv-v71m9-user1@mailinator.com
pforgdiv-lv7sn,37336WW,pforgdiv-lv7sn-su@mailtest.gov.uk,pforgdiv-lv7sn-user2@mailinator.com
pforgdiv-6p5nu,JBBNQMM,pforgdiv-6p5nu-su@mailtest.gov.uk,pforgdiv-6p5nu-user0@mailinator.com
pforgdiv-fztfu,94DASTA,pforgdiv-fztfu-su@mailtest.gov.uk,pforgdiv-fztfu-user3@mailinator.com
pforgdiv-7xcpb,3FATIUD,pforgdiv-7xcpb-su@mailtest.gov.uk,pforgdiv-7xcpb-user1@mailinator.com
pforgdiv-pqqs3,9MJUK88,pforgdiv-pqqs3-su@mailtest.gov.uk,pforgdiv-pqqs3-user2@mailinator.com
pforgdiv-ztycf,UCYANEH,pforgdiv-ztycf-su@mailtest.gov.uk,pforgdiv-ztycf-user3@mailinator.com
pforgdiv-mcimm,W232UYC,pforgdiv-mcimm-su@mailtest.gov.uk,pforgdiv-mcimm-user1@mailinator.com
pforgdiv-8etkh,O393QBO,pforgdiv-8etkh-su@mailtest.gov.uk,pforgdiv-8etkh-user2@mailinator.com
pforgdiv-p5hai,VVD6B21,pforgdiv-p5hai-su@mailtest.gov.uk,pforgdiv-p5hai-user1@mailinator.com
pforgdiv-vo58a,1KHZ2D2,pforgdiv-vo58a-su@mailtest.gov.uk,pforgdiv-vo58a-user0@mailinator.com
pforgdiv-v71m9,Z5Q4XNR,pforgdiv-v71m9-su@mailtest.gov.uk,pforgdiv-v71m9-user2@mailinator.com
pforgdiv-erk2t,7VQRS27,pforgdiv-erk2t-su@mailtest.gov.uk,pforgdiv-erk2t-user0@mailinator.com
pforgdiv-lv7sn,37336WW,pforgdiv-lv7sn-su@mailtest.gov.uk,pforgdiv-lv7sn-user3@mailinator.com
pforgdiv-6p5nu,JBBNQMM,pforgdiv-6p5nu-su@mailtest.gov.uk,pforgdiv-6p5nu-user1@mailinator.com
pforgdiv-7xcpb,3FATIUD,pforgdiv-7xcpb-su@mailtest.gov.uk,pforgdiv-7xcpb-user2@mailinator.com
pforgdiv-pqqs3,9MJUK88,pforgdiv-pqqs3-su@mailtest.gov.uk,pforgdiv-pqqs3-user3@mailinator.com
pforgdiv-qvzax,AR6N438,pforgdiv-qvzax-su@mailtest.gov.uk,pforgdiv-qvzax-user0@mailinator.com
pforgdiv-y7jlb,D24YKZ8,pforgdiv-y7jlb-su@mailtest.gov.uk,pforgdiv-y7jlb-user0@mailinator.com
pforgdiv-mcimm,W232UYC,pforgdiv-mcimm-su@mailtest.gov.uk,pforgdiv-mcimm-user2@mailinator.com
pforgdiv-8etkh,O393QBO,pforgdiv-8etkh-su@mailtest.gov.uk,pforgdiv-8etkh-user3@mailinator.com
pforgdiv-vo58a,1KHZ2D2,pforgdiv-vo58a-su@mailtest.gov.uk,pforgdiv-vo58a-user1@mailinator.com
pforgdiv-p5hai,VVD6B21,pforgdiv-p5hai-su@mailtest.gov.uk,pforgdiv-p5hai-user2@mailinator.com
pforgdiv-tonlk,Z49G7PV,pforgdiv-tonlk-su@mailtest.gov.uk,pforgdiv-tonlk-user0@mailinator.com
pforgdiv-v71m9,Z5Q4XNR,pforgdiv-v71m9-su@mailtest.gov.uk,pforgdiv-v71m9-user3@mailinator.com
pforgdiv-erk2t,7VQRS27,pforgdiv-erk2t-su@mailtest.gov.uk,pforgdiv-erk2t-user1@mailinator.com
pforgdiv-d6dae,EVBD6QE,pforgdiv-d6dae-su@mailtest.gov.uk,pforgdiv-d6dae-user0@mailinator.com
pforgdiv-6p5nu,JBBNQMM,pforgdiv-6p5nu-su@mailtest.gov.uk,pforgdiv-6p5nu-user2@mailinator.com
pforgdiv-tyopx,RBNH428,pforgdiv-tyopx-su@mailtest.gov.uk,pforgdiv-tyopx-user0@mailinator.com
pforgdiv-7xcpb,3FATIUD,pforgdiv-7xcpb-su@mailtest.gov.uk,pforgdiv-7xcpb-user3@mailinator.com
pforgdiv-qvzax,AR6N438,pforgdiv-qvzax-su@mailtest.gov.uk,pforgdiv-qvzax-user1@mailinator.com
pforgdiv-y7jlb,D24YKZ8,pforgdiv-y7jlb-su@mailtest.gov.uk,pforgdiv-y7jlb-user1@mailinator.com
pforgdiv-mcimm,W232UYC,pforgdiv-mcimm-su@mailtest.gov.uk,pforgdiv-mcimm-user3@mailinator.com
pforgdiv-ppb9w,YXC58L5,pforgdiv-ppb9w-su@mailtest.gov.uk,pforgdiv-ppb9w-user0@mailinator.com
pforgdiv-vo58a,1KHZ2D2,pforgdiv-vo58a-su@mailtest.gov.uk,pforgdiv-vo58a-user2@mailinator.com
pforgdiv-p5hai,VVD6B21,pforgdiv-p5hai-su@mailtest.gov.uk,pforgdiv-p5hai-user3@mailinator.com
pforgdiv-erk2t,7VQRS27,pforgdiv-erk2t-su@mailtest.gov.uk,pforgdiv-erk2t-user2@mailinator.com
pforgdiv-tonlk,Z49G7PV,pforgdiv-tonlk-su@mailtest.gov.uk,pforgdiv-tonlk-user1@mailinator.com
pforgdiv-xqplb,96NBIW3,pforgdiv-xqplb-su@mailtest.gov.uk,pforgdiv-xqplb-user0@mailinator.com
pforgdiv-d6dae,EVBD6QE,pforgdiv-d6dae-su@mailtest.gov.uk,pforgdiv-d6dae-user1@mailinator.com
pforgdiv-6p5nu,JBBNQMM,pforgdiv-6p5nu-su@mailtest.gov.uk,pforgdiv-6p5nu-user3@mailinator.com
pforgdiv-bfr0x,DS29P2V,pforgdiv-bfr0x-su@mailtest.gov.uk,pforgdiv-bfr0x-user0@mailinator.com
pforgdiv-tyopx,RBNH428,pforgdiv-tyopx-su@mailtest.gov.uk,pforgdiv-tyopx-user1@mailinator.com
pforgdiv-qvzax,AR6N438,pforgdiv-qvzax-su@mailtest.gov.uk,pforgdiv-qvzax-user2@mailinator.com
pforgdiv-y7jlb,D24YKZ8,pforgdiv-y7jlb-su@mailtest.gov.uk,pforgdiv-y7jlb-user2@mailinator.com
pforgdiv-8dtug,N2LJZPC,pforgdiv-8dtug-su@mailtest.gov.uk,pforgdiv-8dtug-user0@mailinator.com
pforgdiv-vo58a,1KHZ2D2,pforgdiv-vo58a-su@mailtest.gov.uk,pforgdiv-vo58a-user3@mailinator.com
pforgdiv-ppb9w,YXC58L5,pforgdiv-ppb9w-su@mailtest.gov.uk,pforgdiv-ppb9w-user1@mailinator.com
pforgdiv-iled6,TLP5JY5,pforgdiv-iled6-su@mailtest.gov.uk,pforgdiv-iled6-user0@mailinator.com
pforgdiv-erk2t,7VQRS27,pforgdiv-erk2t-su@mailtest.gov.uk,pforgdiv-erk2t-user3@mailinator.com
pforgdiv-d6dae,EVBD6QE,pforgdiv-d6dae-su@mailtest.gov.uk,pforgdiv-d6dae-user2@mailinator.com
pforgdiv-75yvq,LLFOLCE,pforgdiv-75yvq-su@mailtest.gov.uk,pforgdiv-75yvq-user0@mailinator.com
pforgdiv-bfr0x,DS29P2V,pforgdiv-bfr0x-su@mailtest.gov.uk,pforgdiv-bfr0x-user1@mailinator.com
pforgdiv-tyopx,RBNH428,pforgdiv-tyopx-su@mailtest.gov.uk,pforgdiv-tyopx-user2@mailinator.com
pforgdiv-x1k6i,6RKI2Z8,pforgdiv-x1k6i-su@mailtest.gov.uk,pforgdiv-x1k6i-user0@mailinator.com
pforgdiv-y7jlb,D24YKZ8,pforgdiv-y7jlb-su@mailtest.gov.uk,pforgdiv-y7jlb-user3@mailinator.com
pforgdiv-qvzax,AR6N438,pforgdiv-qvzax-su@mailtest.gov.uk,pforgdiv-qvzax-user3@mailinator.com
pforgdiv-8dtug,N2LJZPC,pforgdiv-8dtug-su@mailtest.gov.uk,pforgdiv-8dtug-user1@mailinator.com
pforgdiv-iled6,TLP5JY5,pforgdiv-iled6-su@mailtest.gov.uk,pforgdiv-iled6-user1@mailinator.com
pforgdiv-mif7p,Y3IL63E,pforgdiv-mif7p-su@mailtest.gov.uk,pforgdiv-mif7p-user0@mailinator.com
pforgdiv-75yvq,LLFOLCE,pforgdiv-75yvq-su@mailtest.gov.uk,pforgdiv-75yvq-user1@mailinator.com
pforgdiv-h8u24,PQNWAPB,pforgdiv-h8u24-su@mailtest.gov.uk,pforgdiv-h8u24-user0@mailinator.com
pforgdiv-d6dae,EVBD6QE,pforgdiv-d6dae-su@mailtest.gov.uk,pforgdiv-d6dae-user3@mailinator.com
pforgdiv-x1k6i,6RKI2Z8,pforgdiv-x1k6i-su@mailtest.gov.uk,pforgdiv-x1k6i-user1@mailinator.com
pforgdiv-8dtug,N2LJZPC,pforgdiv-8dtug-su@mailtest.gov.uk,pforgdiv-8dtug-user2@mailinator.com
pforgdiv-fsluk,NCJ4221,pforgdiv-fsluk-su@mailtest.gov.uk,pforgdiv-fsluk-user0@mailinator.com
pforgdiv-iled6,TLP5JY5,pforgdiv-iled6-su@mailtest.gov.uk,pforgdiv-iled6-user2@mailinator.com
pforgdiv-93x5y,00B8APM,pforgdiv-93x5y-su@mailtest.gov.uk,pforgdiv-93x5y-user0@mailinator.com
pforgdiv-mif7p,Y3IL63E,pforgdiv-mif7p-su@mailtest.gov.uk,pforgdiv-mif7p-user1@mailinator.com
pforgdiv-75yvq,LLFOLCE,pforgdiv-75yvq-su@mailtest.gov.uk,pforgdiv-75yvq-user2@mailinator.com
pforgdiv-nt4mw,4LZRWYU,pforgdiv-nt4mw-su@mailtest.gov.uk,pforgdiv-nt4mw-user0@mailinator.com
pforgdiv-h8u24,PQNWAPB,pforgdiv-h8u24-su@mailtest.gov.uk,pforgdiv-h8u24-user1@mailinator.com
pforgdiv-x1k6i,6RKI2Z8,pforgdiv-x1k6i-su@mailtest.gov.uk,pforgdiv-x1k6i-user2@mailinator.com
pforgdiv-o6qm4,M4JHDYS,pforgdiv-o6qm4-su@mailtest.gov.uk,pforgdiv-o6qm4-user0@mailinator.com
pforgdiv-8dtug,N2LJZPC,pforgdiv-8dtug-su@mailtest.gov.uk,pforgdiv-8dtug-user3@mailinator.com
pforgdiv-fsluk,NCJ4221,pforgdiv-fsluk-su@mailtest.gov.uk,pforgdiv-fsluk-user1@mailinator.com
pforgdiv-st8ws,LUPRPUB,pforgdiv-st8ws-su@mailtest.gov.uk,pforgdiv-st8ws-user0@mailinator.com
pforgdiv-hnkg7,8RU8AV2,pforgdiv-hnkg7-su@mailtest.gov.uk,pforgdiv-hnkg7-user0@mailinator.com
pforgdiv-iled6,TLP5JY5,pforgdiv-iled6-su@mailtest.gov.uk,pforgdiv-iled6-user3@mailinator.com
pforgdiv-mif7p,Y3IL63E,pforgdiv-mif7p-su@mailtest.gov.uk,pforgdiv-mif7p-user2@mailinator.com
pforgdiv-75yvq,LLFOLCE,pforgdiv-75yvq-su@mailtest.gov.uk,pforgdiv-75yvq-user3@mailinator.com
pforgdiv-93x5y,00B8APM,pforgdiv-93x5y-su@mailtest.gov.uk,pforgdiv-93x5y-user1@mailinator.com
pforgdiv-6jzce,5N0WI0Y,pforgdiv-6jzce-su@mailtest.gov.uk,pforgdiv-6jzce-user0@mailinator.com
pforgdiv-nt4mw,4LZRWYU,pforgdiv-nt4mw-su@mailtest.gov.uk,pforgdiv-nt4mw-user1@mailinator.com
pforgdiv-h8u24,PQNWAPB,pforgdiv-h8u24-su@mailtest.gov.uk,pforgdiv-h8u24-user2@mailinator.com
pforgdiv-x1k6i,6RKI2Z8,pforgdiv-x1k6i-su@mailtest.gov.uk,pforgdiv-x1k6i-user3@mailinator.com
pforgdiv-o6qm4,M4JHDYS,pforgdiv-o6qm4-su@mailtest.gov.uk,pforgdiv-o6qm4-user1@mailinator.com
pforgdiv-st8ws,LUPRPUB,pforgdiv-st8ws-su@mailtest.gov.uk,pforgdiv-st8ws-user1@mailinator.com
pforgdiv-fsluk,NCJ4221,pforgdiv-fsluk-su@mailtest.gov.uk,pforgdiv-fsluk-user2@mailinator.com
pforgdiv-zh8c0,DD1178A,pforgdiv-zh8c0-su@mailtest.gov.uk,pforgdiv-zh8c0-user0@mailinator.com
pforgdiv-2zteu,LZBOBJ9,pforgdiv-2zteu-su@mailtest.gov.uk,pforgdiv-2zteu-user0@mailinator.com
pforgdiv-hnkg7,8RU8AV2,pforgdiv-hnkg7-su@mailtest.gov.uk,pforgdiv-hnkg7-user1@mailinator.com
pforgdiv-mif7p,Y3IL63E,pforgdiv-mif7p-su@mailtest.gov.uk,pforgdiv-mif7p-user3@mailinator.com
pforgdiv-nxl8d,CFW64MH,pforgdiv-nxl8d-su@mailtest.gov.uk,pforgdiv-nxl8d-user0@mailinator.com
pforgdiv-93x5y,00B8APM,pforgdiv-93x5y-su@mailtest.gov.uk,pforgdiv-93x5y-user2@mailinator.com
pforgdiv-6jzce,5N0WI0Y,pforgdiv-6jzce-su@mailtest.gov.uk,pforgdiv-6jzce-user1@mailinator.com
pforgdiv-nt4mw,4LZRWYU,pforgdiv-nt4mw-su@mailtest.gov.uk,pforgdiv-nt4mw-user2@mailinator.com
pforgdiv-h8u24,PQNWAPB,pforgdiv-h8u24-su@mailtest.gov.uk,pforgdiv-h8u24-user3@mailinator.com
pforgdiv-st8ws,LUPRPUB,pforgdiv-st8ws-su@mailtest.gov.uk,pforgdiv-st8ws-user2@mailinator.com
pforgdiv-1n1lc,SG64OUZ,pforgdiv-1n1lc-su@mailtest.gov.uk,pforgdiv-1n1lc-user0@mailinator.com
pforgdiv-o6qm4,M4JHDYS,pforgdiv-o6qm4-su@mailtest.gov.uk,pforgdiv-o6qm4-user2@mailinator.com
pforgdiv-xhlm8,JJ7EW11,pforgdiv-xhlm8-su@mailtest.gov.uk,pforgdiv-xhlm8-user0@mailinator.com
pforgdiv-fsluk,NCJ4221,pforgdiv-fsluk-su@mailtest.gov.uk,pforgdiv-fsluk-user3@mailinator.com
pforgdiv-zh8c0,DD1178A,pforgdiv-zh8c0-su@mailtest.gov.uk,pforgdiv-zh8c0-user1@mailinator.com
pforgdiv-2zteu,LZBOBJ9,pforgdiv-2zteu-su@mailtest.gov.uk,pforgdiv-2zteu-user1@mailinator.com
pforgdiv-hnkg7,8RU8AV2,pforgdiv-hnkg7-su@mailtest.gov.uk,pforgdiv-hnkg7-user2@mailinator.com
pforgdiv-dvxbb,3G2Q0TU,pforgdiv-dvxbb-su@mailtest.gov.uk,pforgdiv-dvxbb-user0@mailinator.com
pforgdiv-st8ws,LUPRPUB,pforgdiv-st8ws-su@mailtest.gov.uk,pforgdiv-st8ws-user3@mailinator.com
pforgdiv-nxl8d,CFW64MH,pforgdiv-nxl8d-su@mailtest.gov.uk,pforgdiv-nxl8d-user1@mailinator.com
pforgdiv-93x5y,00B8APM,pforgdiv-93x5y-su@mailtest.gov.uk,pforgdiv-93x5y-user3@mailinator.com
pforgdiv-6jzce,5N0WI0Y,pforgdiv-6jzce-su@mailtest.gov.uk,pforgdiv-6jzce-user2@mailinator.com
pforgdiv-ycp7m,BFUICOI,pforgdiv-ycp7m-su@mailtest.gov.uk,pforgdiv-ycp7m-user0@mailinator.com
pforgdiv-nt4mw,4LZRWYU,pforgdiv-nt4mw-su@mailtest.gov.uk,pforgdiv-nt4mw-user3@mailinator.com
pforgdiv-1n1lc,SG64OUZ,pforgdiv-1n1lc-su@mailtest.gov.uk,pforgdiv-1n1lc-user1@mailinator.com
pforgdiv-xhlm8,JJ7EW11,pforgdiv-xhlm8-su@mailtest.gov.uk,pforgdiv-xhlm8-user1@mailinator.com
pforgdiv-zh8c0,DD1178A,pforgdiv-zh8c0-su@mailtest.gov.uk,pforgdiv-zh8c0-user2@mailinator.com
pforgdiv-o6qm4,M4JHDYS,pforgdiv-o6qm4-su@mailtest.gov.uk,pforgdiv-o6qm4-user3@mailinator.com
pforgdiv-ho70i,0I8ZEU7,pforgdiv-ho70i-su@mailtest.gov.uk,pforgdiv-ho70i-user0@mailinator.com
pforgdiv-2zteu,LZBOBJ9,pforgdiv-2zteu-su@mailtest.gov.uk,pforgdiv-2zteu-user2@mailinator.com
pforgdiv-tnqj4,VWXDK06,pforgdiv-tnqj4-su@mailtest.gov.uk,pforgdiv-tnqj4-user0@mailinator.com
pforgdiv-hnkg7,8RU8AV2,pforgdiv-hnkg7-su@mailtest.gov.uk,pforgdiv-hnkg7-user3@mailinator.com
pforgdiv-dvxbb,3G2Q0TU,pforgdiv-dvxbb-su@mailtest.gov.uk,pforgdiv-dvxbb-user1@mailinator.com
pforgdiv-6jzce,5N0WI0Y,pforgdiv-6jzce-su@mailtest.gov.uk,pforgdiv-6jzce-user3@mailinator.com
pforgdiv-ycp7m,BFUICOI,pforgdiv-ycp7m-su@mailtest.gov.uk,pforgdiv-ycp7m-user1@mailinator.com
pforgdiv-nlsx2,YB1V9EN,pforgdiv-nlsx2-su@mailtest.gov.uk,pforgdiv-nlsx2-user0@mailinator.com
pforgdiv-0rxv8,000RA3K,pforgdiv-0rxv8-su@mailtest.gov.uk,pforgdiv-0rxv8-user0@mailinator.com
pforgdiv-1n1lc,SG64OUZ,pforgdiv-1n1lc-su@mailtest.gov.uk,pforgdiv-1n1lc-user2@mailinator.com
pforgdiv-zh8c0,DD1178A,pforgdiv-zh8c0-su@mailtest.gov.uk,pforgdiv-zh8c0-user3@mailinator.com
pforgdiv-6jf57,MSPVF2J,pforgdiv-6jf57-su@mailtest.gov.uk,pforgdiv-6jf57-user0@mailinator.com
pforgdiv-xhlm8,JJ7EW11,pforgdiv-xhlm8-su@mailtest.gov.uk,pforgdiv-xhlm8-user2@mailinator.com
pforgdiv-ho70i,0I8ZEU7,pforgdiv-ho70i-su@mailtest.gov.uk,pforgdiv-ho70i-user1@mailinator.com
pforgdiv-2zteu,LZBOBJ9,pforgdiv-2zteu-su@mailtest.gov.uk,pforgdiv-2zteu-user3@mailinator.com
pforgdiv-tnqj4,VWXDK06,pforgdiv-tnqj4-su@mailtest.gov.uk,pforgdiv-tnqj4-user1@mailinator.com
pforgdiv-dvxbb,3G2Q0TU,pforgdiv-dvxbb-su@mailtest.gov.uk,pforgdiv-dvxbb-user2@mailinator.com
pforgdiv-qbkwn,M0A4UO1,pforgdiv-qbkwn-su@mailtest.gov.uk,pforgdiv-qbkwn-user0@mailinator.com
pforgdiv-39udw,LNSXU6O,pforgdiv-39udw-su@mailtest.gov.uk,pforgdiv-39udw-user0@mailinator.com
pforgdiv-ycp7m,BFUICOI,pforgdiv-ycp7m-su@mailtest.gov.uk,pforgdiv-ycp7m-user2@mailinator.com
pforgdiv-nlsx2,YB1V9EN,pforgdiv-nlsx2-su@mailtest.gov.uk,pforgdiv-nlsx2-user1@mailinator.com
pforgdiv-1n1lc,SG64OUZ,pforgdiv-1n1lc-su@mailtest.gov.uk,pforgdiv-1n1lc-user3@mailinator.com
pforgdiv-6jf57,MSPVF2J,pforgdiv-6jf57-su@mailtest.gov.uk,pforgdiv-6jf57-user1@mailinator.com
pforgdiv-dxd7x,WSE9U9R,pforgdiv-dxd7x-su@mailtest.gov.uk,pforgdiv-dxd7x-user0@mailinator.com
pforgdiv-xhlm8,JJ7EW11,pforgdiv-xhlm8-su@mailtest.gov.uk,pforgdiv-xhlm8-user3@mailinator.com
pforgdiv-ho70i,0I8ZEU7,pforgdiv-ho70i-su@mailtest.gov.uk,pforgdiv-ho70i-user2@mailinator.com
pforgdiv-ha08s,ORBOYBR,pforgdiv-ha08s-su@mailtest.gov.uk,pforgdiv-ha08s-user0@mailinator.com
pforgdiv-rhga6,Z0LVUAB,pforgdiv-rhga6-su@mailtest.gov.uk,pforgdiv-rhga6-user0@mailinator.com
pforgdiv-dvxbb,3G2Q0TU,pforgdiv-dvxbb-su@mailtest.gov.uk,pforgdiv-dvxbb-user3@mailinator.com
pforgdiv-tnqj4,VWXDK06,pforgdiv-tnqj4-su@mailtest.gov.uk,pforgdiv-tnqj4-user2@mailinator.com
pforgdiv-qbkwn,M0A4UO1,pforgdiv-qbkwn-su@mailtest.gov.uk,pforgdiv-qbkwn-user1@mailinator.com
pforgdiv-nlsx2,YB1V9EN,pforgdiv-nlsx2-su@mailtest.gov.uk,pforgdiv-nlsx2-user2@mailinator.com
pforgdiv-ycp7m,BFUICOI,pforgdiv-ycp7m-su@mailtest.gov.uk,pforgdiv-ycp7m-user3@mailinator.com
pforgdiv-6jf57,MSPVF2J,pforgdiv-6jf57-su@mailtest.gov.uk,pforgdiv-6jf57-user2@mailinator.com
pforgdiv-ha08s,ORBOYBR,pforgdiv-ha08s-su@mailtest.gov.uk,pforgdiv-ha08s-user1@mailinator.com
pforgdiv-dxd7x,WSE9U9R,pforgdiv-dxd7x-su@mailtest.gov.uk,pforgdiv-dxd7x-user1@mailinator.com
pforgdiv-6t61p,RDM7SS0,pforgdiv-6t61p-su@mailtest.gov.uk,pforgdiv-6t61p-user0@mailinator.com
pforgdiv-ho70i,0I8ZEU7,pforgdiv-ho70i-su@mailtest.gov.uk,pforgdiv-ho70i-user3@mailinator.com
pforgdiv-rhga6,Z0LVUAB,pforgdiv-rhga6-su@mailtest.gov.uk,pforgdiv-rhga6-user1@mailinator.com
pforgdiv-lpjsm,9ZTXRM8,pforgdiv-lpjsm-su@mailtest.gov.uk,pforgdiv-lpjsm-user0@mailinator.com
pforgdiv-qbkwn,M0A4UO1,pforgdiv-qbkwn-su@mailtest.gov.uk,pforgdiv-qbkwn-user2@mailinator.com
pforgdiv-du5jf,KXOWSMH,pforgdiv-du5jf-su@mailtest.gov.uk,pforgdiv-du5jf-user0@mailinator.com
pforgdiv-nlsx2,YB1V9EN,pforgdiv-nlsx2-su@mailtest.gov.uk,pforgdiv-nlsx2-user3@mailinator.com
pforgdiv-ha08s,ORBOYBR,pforgdiv-ha08s-su@mailtest.gov.uk,pforgdiv-ha08s-user2@mailinator.com
pforgdiv-zmb33,E5HCVIU,pforgdiv-zmb33-su@mailtest.gov.uk,pforgdiv-zmb33-user0@mailinator.com
pforgdiv-dxd7x,WSE9U9R,pforgdiv-dxd7x-su@mailtest.gov.uk,pforgdiv-dxd7x-user2@mailinator.com
pforgdiv-6t61p,RDM7SS0,pforgdiv-6t61p-su@mailtest.gov.uk,pforgdiv-6t61p-user1@mailinator.com
pforgdiv-lpjsm,9ZTXRM8,pforgdiv-lpjsm-su@mailtest.gov.uk,pforgdiv-lpjsm-user1@mailinator.com
pforgdiv-rhga6,Z0LVUAB,pforgdiv-rhga6-su@mailtest.gov.uk,pforgdiv-rhga6-user2@mailinator.com
pforgdiv-gs0rh,XMYO9TK,pforgdiv-gs0rh-su@mailtest.gov.uk,pforgdiv-gs0rh-user0@mailinator.com
pforgdiv-qbkwn,M0A4UO1,pforgdiv-qbkwn-su@mailtest.gov.uk,pforgdiv-qbkwn-user3@mailinator.com
pforgdiv-ha08s,ORBOYBR,pforgdiv-ha08s-su@mailtest.gov.uk,pforgdiv-ha08s-user3@mailinator.com
pforgdiv-zi08b,WWBU5U4,pforgdiv-zi08b-su@mailtest.gov.uk,pforgdiv-zi08b-user0@mailinator.com
pforgdiv-du5jf,KXOWSMH,pforgdiv-du5jf-su@mailtest.gov.uk,pforgdiv-du5jf-user1@mailinator.com
pforgdiv-zmb33,E5HCVIU,pforgdiv-zmb33-su@mailtest.gov.uk,pforgdiv-zmb33-user1@mailinator.com
pforgdiv-lpjsm,9ZTXRM8,pforgdiv-lpjsm-su@mailtest.gov.uk,pforgdiv-lpjsm-user2@mailinator.com
pforgdiv-dxd7x,WSE9U9R,pforgdiv-dxd7x-su@mailtest.gov.uk,pforgdiv-dxd7x-user3@mailinator.com
pforgdiv-6t61p,RDM7SS0,pforgdiv-6t61p-su@mailtest.gov.uk,pforgdiv-6t61p-user2@mailinator.com
pforgdiv-gs0rh,XMYO9TK,pforgdiv-gs0rh-su@mailtest.gov.uk,pforgdiv-gs0rh-user1@mailinator.com
pforgdiv-6524l,P2X4W67,pforgdiv-6524l-su@mailtest.gov.uk,pforgdiv-6524l-user0@mailinator.com
pforgdiv-bu1qt,8LWOC6V,pforgdiv-bu1qt-su@mailtest.gov.uk,pforgdiv-bu1qt-user0@mailinator.com
pforgdiv-rhga6,Z0LVUAB,pforgdiv-rhga6-su@mailtest.gov.uk,pforgdiv-rhga6-user3@mailinator.com
pforgdiv-zi08b,WWBU5U4,pforgdiv-zi08b-su@mailtest.gov.uk,pforgdiv-zi08b-user1@mailinator.com
pforgdiv-02bu5,UFMCNVI,pforgdiv-02bu5-su@mailtest.gov.uk,pforgdiv-02bu5-user0@mailinator.com
pforgdiv-lpjsm,9ZTXRM8,pforgdiv-lpjsm-su@mailtest.gov.uk,pforgdiv-lpjsm-user3@mailinator.com
pforgdiv-du5jf,KXOWSMH,pforgdiv-du5jf-su@mailtest.gov.uk,pforgdiv-du5jf-user2@mailinator.com
pforgdiv-zmb33,E5HCVIU,pforgdiv-zmb33-su@mailtest.gov.uk,pforgdiv-zmb33-user2@mailinator.com
pforgdiv-6t61p,RDM7SS0,pforgdiv-6t61p-su@mailtest.gov.uk,pforgdiv-6t61p-user3@mailinator.com
pforgdiv-d9cep,61KSJET,pforgdiv-d9cep-su@mailtest.gov.uk,pforgdiv-d9cep-user0@mailinator.com
pforgdiv-79grt,QK2F8D4,pforgdiv-79grt-su@mailtest.gov.uk,pforgdiv-79grt-user0@mailinator.com
pforgdiv-bu1qt,8LWOC6V,pforgdiv-bu1qt-su@mailtest.gov.uk,pforgdiv-bu1qt-user1@mailinator.com
pforgdiv-gs0rh,XMYO9TK,pforgdiv-gs0rh-su@mailtest.gov.uk,pforgdiv-gs0rh-user2@mailinator.com
pforgdiv-6524l,P2X4W67,pforgdiv-6524l-su@mailtest.gov.uk,pforgdiv-6524l-user1@mailinator.com
pforgdiv-6411t,8ZMEXZU,pforgdiv-6411t-su@mailtest.gov.uk,pforgdiv-6411t-user0@mailinator.com
pforgdiv-zi08b,WWBU5U4,pforgdiv-zi08b-su@mailtest.gov.uk,pforgdiv-zi08b-user2@mailinator.com
pforgdiv-02bu5,UFMCNVI,pforgdiv-02bu5-su@mailtest.gov.uk,pforgdiv-02bu5-user1@mailinator.com
pforgdiv-hx5u9,XLZKJC0,pforgdiv-hx5u9-su@mailtest.gov.uk,pforgdiv-hx5u9-user0@mailinator.com
pforgdiv-du5jf,KXOWSMH,pforgdiv-du5jf-su@mailtest.gov.uk,pforgdiv-du5jf-user3@mailinator.com
pforgdiv-6b8ji,UCJ1RP4,pforgdiv-6b8ji-su@mailtest.gov.uk,pforgdiv-6b8ji-user0@mailinator.com
pforgdiv-d9cep,61KSJET,pforgdiv-d9cep-su@mailtest.gov.uk,pforgdiv-d9cep-user1@mailinator.com
pforgdiv-zmb33,E5HCVIU,pforgdiv-zmb33-su@mailtest.gov.uk,pforgdiv-zmb33-user3@mailinator.com
pforgdiv-79grt,QK2F8D4,pforgdiv-79grt-su@mailtest.gov.uk,pforgdiv-79grt-user1@mailinator.com
pforgdiv-6524l,P2X4W67,pforgdiv-6524l-su@mailtest.gov.uk,pforgdiv-6524l-user2@mailinator.com
pforgdiv-gs0rh,XMYO9TK,pforgdiv-gs0rh-su@mailtest.gov.uk,pforgdiv-gs0rh-user3@mailinator.com
pforgdiv-yfnj7,4HKNQS2,pforgdiv-yfnj7-su@mailtest.gov.uk,pforgdiv-yfnj7-user0@mailinator.com
pforgdiv-bu1qt,8LWOC6V,pforgdiv-bu1qt-su@mailtest.gov.uk,pforgdiv-bu1qt-user2@mailinator.com
pforgdiv-vcka1,J4NPQ90,pforgdiv-vcka1-su@mailtest.gov.uk,pforgdiv-vcka1-user0@mailinator.com
pforgdiv-zi08b,WWBU5U4,pforgdiv-zi08b-su@mailtest.gov.uk,pforgdiv-zi08b-user3@mailinator.com
pforgdiv-6411t,8ZMEXZU,pforgdiv-6411t-su@mailtest.gov.uk,pforgdiv-6411t-user1@mailinator.com
pforgdiv-02bu5,UFMCNVI,pforgdiv-02bu5-su@mailtest.gov.uk,pforgdiv-02bu5-user2@mailinator.com
pforgdiv-jtf6j,8Z3QVW4,pforgdiv-jtf6j-su@mailtest.gov.uk,pforgdiv-jtf6j-user0@mailinator.com
pforgdiv-hx5u9,XLZKJC0,pforgdiv-hx5u9-su@mailtest.gov.uk,pforgdiv-hx5u9-user1@mailinator.com
pforgdiv-6b8ji,UCJ1RP4,pforgdiv-6b8ji-su@mailtest.gov.uk,pforgdiv-6b8ji-user1@mailinator.com
pforgdiv-d9cep,61KSJET,pforgdiv-d9cep-su@mailtest.gov.uk,pforgdiv-d9cep-user2@mailinator.com
pforgdiv-bqy7i,K15TMT2,pforgdiv-bqy7i-su@mailtest.gov.uk,pforgdiv-bqy7i-user0@mailinator.com
pforgdiv-6524l,P2X4W67,pforgdiv-6524l-su@mailtest.gov.uk,pforgdiv-6524l-user3@mailinator.com
pforgdiv-79grt,QK2F8D4,pforgdiv-79grt-su@mailtest.gov.uk,pforgdiv-79grt-user2@mailinator.com
pforgdiv-yfnj7,4HKNQS2,pforgdiv-yfnj7-su@mailtest.gov.uk,pforgdiv-yfnj7-user1@mailinator.com
pforgdiv-bu1qt,8LWOC6V,pforgdiv-bu1qt-su@mailtest.gov.uk,pforgdiv-bu1qt-user3@mailinator.com
pforgdiv-ju4wq,J8QN7IS,pforgdiv-ju4wq-su@mailtest.gov.uk,pforgdiv-ju4wq-user0@mailinator.com
pforgdiv-vcka1,J4NPQ90,pforgdiv-vcka1-su@mailtest.gov.uk,pforgdiv-vcka1-user1@mailinator.com
pforgdiv-6411t,8ZMEXZU,pforgdiv-6411t-su@mailtest.gov.uk,pforgdiv-6411t-user2@mailinator.com
pforgdiv-02bu5,UFMCNVI,pforgdiv-02bu5-su@mailtest.gov.uk,pforgdiv-02bu5-user3@mailinator.com
pforgdiv-lkenh,7Q9W0B9,pforgdiv-lkenh-su@mailtest.gov.uk,pforgdiv-lkenh-user0@mailinator.com
pforgdiv-jtf6j,8Z3QVW4,pforgdiv-jtf6j-su@mailtest.gov.uk,pforgdiv-jtf6j-user1@mailinator.com
pforgdiv-hx5u9,XLZKJC0,pforgdiv-hx5u9-su@mailtest.gov.uk,pforgdiv-hx5u9-user2@mailinator.com
pforgdiv-d7ty9,5EE2J4J,pforgdiv-d7ty9-su@mailtest.gov.uk,pforgdiv-d7ty9-user0@mailinator.com
pforgdiv-6b8ji,UCJ1RP4,pforgdiv-6b8ji-su@mailtest.gov.uk,pforgdiv-6b8ji-user2@mailinator.com
pforgdiv-d9cep,61KSJET,pforgdiv-d9cep-su@mailtest.gov.uk,pforgdiv-d9cep-user3@mailinator.com
pforgdiv-bqy7i,K15TMT2,pforgdiv-bqy7i-su@mailtest.gov.uk,pforgdiv-bqy7i-user1@mailinator.com
pforgdiv-79grt,QK2F8D4,pforgdiv-79grt-su@mailtest.gov.uk,pforgdiv-79grt-user3@mailinator.com
pforgdiv-yfnj7,4HKNQS2,pforgdiv-yfnj7-su@mailtest.gov.uk,pforgdiv-yfnj7-user2@mailinator.com
pforgdiv-9f9ot,IIRL8AG,pforgdiv-9f9ot-su@mailtest.gov.uk,pforgdiv-9f9ot-user0@mailinator.com
pforgdiv-ju4wq,J8QN7IS,pforgdiv-ju4wq-su@mailtest.gov.uk,pforgdiv-ju4wq-user1@mailinator.com
pforgdiv-vcka1,J4NPQ90,pforgdiv-vcka1-su@mailtest.gov.uk,pforgdiv-vcka1-user2@mailinator.com
pforgdiv-0joz8,QFNB888,pforgdiv-0joz8-su@mailtest.gov.uk,pforgdiv-0joz8-user0@mailinator.com
pforgdiv-6411t,8ZMEXZU,pforgdiv-6411t-su@mailtest.gov.uk,pforgdiv-6411t-user3@mailinator.com
pforgdiv-lkenh,7Q9W0B9,pforgdiv-lkenh-su@mailtest.gov.uk,pforgdiv-lkenh-user1@mailinator.com
pforgdiv-jtf6j,8Z3QVW4,pforgdiv-jtf6j-su@mailtest.gov.uk,pforgdiv-jtf6j-user2@mailinator.com
pforgdiv-1lfoc,3OPQZVD,pforgdiv-1lfoc-su@mailtest.gov.uk,pforgdiv-1lfoc-user0@mailinator.com
pforgdiv-hx5u9,XLZKJC0,pforgdiv-hx5u9-su@mailtest.gov.uk,pforgdiv-hx5u9-user3@mailinator.com
pforgdiv-d7ty9,5EE2J4J,pforgdiv-d7ty9-su@mailtest.gov.uk,pforgdiv-d7ty9-user1@mailinator.com
pforgdiv-6b8ji,UCJ1RP4,pforgdiv-6b8ji-su@mailtest.gov.uk,pforgdiv-6b8ji-user3@mailinator.com
pforgdiv-bqy7i,K15TMT2,pforgdiv-bqy7i-su@mailtest.gov.uk,pforgdiv-bqy7i-user2@mailinator.com
pforgdiv-iuxqu,0XH40NH,pforgdiv-iuxqu-su@mailtest.gov.uk,pforgdiv-iuxqu-user0@mailinator.com
pforgdiv-yfnj7,4HKNQS2,pforgdiv-yfnj7-su@mailtest.gov.uk,pforgdiv-yfnj7-user3@mailinator.com
pforgdiv-9f9ot,IIRL8AG,pforgdiv-9f9ot-su@mailtest.gov.uk,pforgdiv-9f9ot-user1@mailinator.com
pforgdiv-ju4wq,J8QN7IS,pforgdiv-ju4wq-su@mailtest.gov.uk,pforgdiv-ju4wq-user2@mailinator.com
pforgdiv-8m74c,82PYZC5,pforgdiv-8m74c-su@mailtest.gov.uk,pforgdiv-8m74c-user0@mailinator.com
pforgdiv-vcka1,J4NPQ90,pforgdiv-vcka1-su@mailtest.gov.uk,pforgdiv-vcka1-user3@mailinator.com
pforgdiv-0joz8,QFNB888,pforgdiv-0joz8-su@mailtest.gov.uk,pforgdiv-0joz8-user1@mailinator.com
pforgdiv-lkenh,7Q9W0B9,pforgdiv-lkenh-su@mailtest.gov.uk,pforgdiv-lkenh-user2@mailinator.com
pforgdiv-hix99,UUIEDN6,pforgdiv-hix99-su@mailtest.gov.uk,pforgdiv-hix99-user0@mailinator.com
pforgdiv-jtf6j,8Z3QVW4,pforgdiv-jtf6j-su@mailtest.gov.uk,pforgdiv-jtf6j-user3@mailinator.com
pforgdiv-1lfoc,3OPQZVD,pforgdiv-1lfoc-su@mailtest.gov.uk,pforgdiv-1lfoc-user1@mailinator.com
pforgdiv-xvnu1,FFM3KGV,pforgdiv-xvnu1-su@mailtest.gov.uk,pforgdiv-xvnu1-user0@mailinator.com
pforgdiv-d7ty9,5EE2J4J,pforgdiv-d7ty9-su@mailtest.gov.uk,pforgdiv-d7ty9-user2@mailinator.com
pforgdiv-bqy7i,K15TMT2,pforgdiv-bqy7i-su@mailtest.gov.uk,pforgdiv-bqy7i-user3@mailinator.com
pforgdiv-iuxqu,0XH40NH,pforgdiv-iuxqu-su@mailtest.gov.uk,pforgdiv-iuxqu-user1@mailinator.com
pforgdiv-9f9ot,IIRL8AG,pforgdiv-9f9ot-su@mailtest.gov.uk,pforgdiv-9f9ot-user2@mailinator.com
pforgdiv-ju4wq,J8QN7IS,pforgdiv-ju4wq-su@mailtest.gov.uk,pforgdiv-ju4wq-user3@mailinator.com
pforgdiv-8m74c,82PYZC5,pforgdiv-8m74c-su@mailtest.gov.uk,pforgdiv-8m74c-user1@mailinator.com
pforgdiv-pccys,6D5G7C5,pforgdiv-pccys-su@mailtest.gov.uk,pforgdiv-pccys-user0@mailinator.com
pforgdiv-0joz8,QFNB888,pforgdiv-0joz8-su@mailtest.gov.uk,pforgdiv-0joz8-user2@mailinator.com
pforgdiv-08mk1,R7N346C,pforgdiv-08mk1-su@mailtest.gov.uk,pforgdiv-08mk1-user0@mailinator.com
pforgdiv-lkenh,7Q9W0B9,pforgdiv-lkenh-su@mailtest.gov.uk,pforgdiv-lkenh-user3@mailinator.com
pforgdiv-xvnu1,FFM3KGV,pforgdiv-xvnu1-su@mailtest.gov.uk,pforgdiv-xvnu1-user1@mailinator.com
pforgdiv-hix99,UUIEDN6,pforgdiv-hix99-su@mailtest.gov.uk,pforgdiv-hix99-user1@mailinator.com
pforgdiv-1lfoc,3OPQZVD,pforgdiv-1lfoc-su@mailtest.gov.uk,pforgdiv-1lfoc-user2@mailinator.com
pforgdiv-dk9n0,LPX6X5K,pforgdiv-dk9n0-su@mailtest.gov.uk,pforgdiv-dk9n0-user0@mailinator.com
pforgdiv-d7ty9,5EE2J4J,pforgdiv-d7ty9-su@mailtest.gov.uk,pforgdiv-d7ty9-user3@mailinator.com
pforgdiv-iuxqu,0XH40NH,pforgdiv-iuxqu-su@mailtest.gov.uk,pforgdiv-iuxqu-user2@mailinator.com
pforgdiv-1wba9,561IA8M,pforgdiv-1wba9-su@mailtest.gov.uk,pforgdiv-1wba9-user0@mailinator.com
pforgdiv-9f9ot,IIRL8AG,pforgdiv-9f9ot-su@mailtest.gov.uk,pforgdiv-9f9ot-user3@mailinator.com
pforgdiv-xvnu1,FFM3KGV,pforgdiv-xvnu1-su@mailtest.gov.uk,pforgdiv-xvnu1-user2@mailinator.com
pforgdiv-8m74c,82PYZC5,pforgdiv-8m74c-su@mailtest.gov.uk,pforgdiv-8m74c-user2@mailinator.com
pforgdiv-pccys,6D5G7C5,pforgdiv-pccys-su@mailtest.gov.uk,pforgdiv-pccys-user1@mailinator.com
pforgdiv-axsc5,3U8Y6AK,pforgdiv-axsc5-su@mailtest.gov.uk,pforgdiv-axsc5-user0@mailinator.com
pforgdiv-0joz8,QFNB888,pforgdiv-0joz8-su@mailtest.gov.uk,pforgdiv-0joz8-user3@mailinator.com
pforgdiv-08mk1,R7N346C,pforgdiv-08mk1-su@mailtest.gov.uk,pforgdiv-08mk1-user1@mailinator.com
pforgdiv-hix99,UUIEDN6,pforgdiv-hix99-su@mailtest.gov.uk,pforgdiv-hix99-user2@mailinator.com
pforgdiv-p0clr,I3SYKYQ,pforgdiv-p0clr-su@mailtest.gov.uk,pforgdiv-p0clr-user0@mailinator.com
pforgdiv-1lfoc,3OPQZVD,pforgdiv-1lfoc-su@mailtest.gov.uk,pforgdiv-1lfoc-user3@mailinator.com
pforgdiv-dk9n0,LPX6X5K,pforgdiv-dk9n0-su@mailtest.gov.uk,pforgdiv-dk9n0-user1@mailinator.com
pforgdiv-qssx4,DDGVIN7,pforgdiv-qssx4-su@mailtest.gov.uk,pforgdiv-qssx4-user0@mailinator.com
pforgdiv-xvnu1,FFM3KGV,pforgdiv-xvnu1-su@mailtest.gov.uk,pforgdiv-xvnu1-user3@mailinator.com
pforgdiv-iuxqu,0XH40NH,pforgdiv-iuxqu-su@mailtest.gov.uk,pforgdiv-iuxqu-user3@mailinator.com
pforgdiv-1wba9,561IA8M,pforgdiv-1wba9-su@mailtest.gov.uk,pforgdiv-1wba9-user1@mailinator.com
pforgdiv-nonwt,AK9UVXY,pforgdiv-nonwt-su@mailtest.gov.uk,pforgdiv-nonwt-user0@mailinator.com
pforgdiv-8m74c,82PYZC5,pforgdiv-8m74c-su@mailtest.gov.uk,pforgdiv-8m74c-user3@mailinator.com
pforgdiv-pccys,6D5G7C5,pforgdiv-pccys-su@mailtest.gov.uk,pforgdiv-pccys-user2@mailinator.com
pforgdiv-axsc5,3U8Y6AK,pforgdiv-axsc5-su@mailtest.gov.uk,pforgdiv-axsc5-user1@mailinator.com
pforgdiv-08mk1,R7N346C,pforgdiv-08mk1-su@mailtest.gov.uk,pforgdiv-08mk1-user2@mailinator.com
pforgdiv-aqh75,30USYQX,pforgdiv-aqh75-su@mailtest.gov.uk,pforgdiv-aqh75-user0@mailinator.com
pforgdiv-hix99,UUIEDN6,pforgdiv-hix99-su@mailtest.gov.uk,pforgdiv-hix99-user3@mailinator.com
pforgdiv-p0clr,I3SYKYQ,pforgdiv-p0clr-su@mailtest.gov.uk,pforgdiv-p0clr-user1@mailinator.com
pforgdiv-dk9n0,LPX6X5K,pforgdiv-dk9n0-su@mailtest.gov.uk,pforgdiv-dk9n0-user2@mailinator.com
pforgdiv-edrcv,XDHBGHJ,pforgdiv-edrcv-su@mailtest.gov.uk,pforgdiv-edrcv-user0@mailinator.com
pforgdiv-qssx4,DDGVIN7,pforgdiv-qssx4-su@mailtest.gov.uk,pforgdiv-qssx4-user1@mailinator.com
pforgdiv-1utri,I08PJ7V,pforgdiv-1utri-su@mailtest.gov.uk,pforgdiv-1utri-user0@mailinator.com
pforgdiv-1wba9,561IA8M,pforgdiv-1wba9-su@mailtest.gov.uk,pforgdiv-1wba9-user2@mailinator.com
pforgdiv-nonwt,AK9UVXY,pforgdiv-nonwt-su@mailtest.gov.uk,pforgdiv-nonwt-user1@mailinator.com
pforgdiv-pccys,6D5G7C5,pforgdiv-pccys-su@mailtest.gov.uk,pforgdiv-pccys-user3@mailinator.com
pforgdiv-axsc5,3U8Y6AK,pforgdiv-axsc5-su@mailtest.gov.uk,pforgdiv-axsc5-user2@mailinator.com
pforgdiv-5rpt3,ITM1R0R,pforgdiv-5rpt3-su@mailtest.gov.uk,pforgdiv-5rpt3-user0@mailinator.com
pforgdiv-08mk1,R7N346C,pforgdiv-08mk1-su@mailtest.gov.uk,pforgdiv-08mk1-user3@mailinator.com
pforgdiv-aqh75,30USYQX,pforgdiv-aqh75-su@mailtest.gov.uk,pforgdiv-aqh75-user1@mailinator.com
pforgdiv-p0clr,I3SYKYQ,pforgdiv-p0clr-su@mailtest.gov.uk,pforgdiv-p0clr-user2@mailinator.com
pforgdiv-z2ylz,8RZPVE8,pforgdiv-z2ylz-su@mailtest.gov.uk,pforgdiv-z2ylz-user0@mailinator.com
pforgdiv-dk9n0,LPX6X5K,pforgdiv-dk9n0-su@mailtest.gov.uk,pforgdiv-dk9n0-user3@mailinator.com
pforgdiv-edrcv,XDHBGHJ,pforgdiv-edrcv-su@mailtest.gov.uk,pforgdiv-edrcv-user1@mailinator.com
pforgdiv-k3lc1,XHFN3FQ,pforgdiv-k3lc1-su@mailtest.gov.uk,pforgdiv-k3lc1-user0@mailinator.com
pforgdiv-qssx4,DDGVIN7,pforgdiv-qssx4-su@mailtest.gov.uk,pforgdiv-qssx4-user2@mailinator.com
pforgdiv-1utri,I08PJ7V,pforgdiv-1utri-su@mailtest.gov.uk,pforgdiv-1utri-user1@mailinator.com
pforgdiv-1wba9,561IA8M,pforgdiv-1wba9-su@mailtest.gov.uk,pforgdiv-1wba9-user3@mailinator.com
pforgdiv-nonwt,AK9UVXY,pforgdiv-nonwt-su@mailtest.gov.uk,pforgdiv-nonwt-user2@mailinator.com
pforgdiv-o12uf,3C1GSFA,pforgdiv-o12uf-su@mailtest.gov.uk,pforgdiv-o12uf-user0@mailinator.com
pforgdiv-axsc5,3U8Y6AK,pforgdiv-axsc5-su@mailtest.gov.uk,pforgdiv-axsc5-user3@mailinator.com
pforgdiv-5rpt3,ITM1R0R,pforgdiv-5rpt3-su@mailtest.gov.uk,pforgdiv-5rpt3-user1@mailinator.com
pforgdiv-aqh75,30USYQX,pforgdiv-aqh75-su@mailtest.gov.uk,pforgdiv-aqh75-user2@mailinator.com
pforgdiv-kihyf,OL1V3DI,pforgdiv-kihyf-su@mailtest.gov.uk,pforgdiv-kihyf-user0@mailinator.com
pforgdiv-p0clr,I3SYKYQ,pforgdiv-p0clr-su@mailtest.gov.uk,pforgdiv-p0clr-user3@mailinator.com
pforgdiv-z2ylz,8RZPVE8,pforgdiv-z2ylz-su@mailtest.gov.uk,pforgdiv-z2ylz-user1@mailinator.com
pforgdiv-edrcv,XDHBGHJ,pforgdiv-edrcv-su@mailtest.gov.uk,pforgdiv-edrcv-user2@mailinator.com
pforgdiv-sbo23,8F6MUGT,pforgdiv-sbo23-su@mailtest.gov.uk,pforgdiv-sbo23-user0@mailinator.com
pforgdiv-k3lc1,XHFN3FQ,pforgdiv-k3lc1-su@mailtest.gov.uk,pforgdiv-k3lc1-user1@mailinator.com
pforgdiv-qssx4,DDGVIN7,pforgdiv-qssx4-su@mailtest.gov.uk,pforgdiv-qssx4-user3@mailinator.com
pforgdiv-1utri,I08PJ7V,pforgdiv-1utri-su@mailtest.gov.uk,pforgdiv-1utri-user2@mailinator.com
pforgdiv-a5mue,UEEQL5M,pforgdiv-a5mue-su@mailtest.gov.uk,pforgdiv-a5mue-user0@mailinator.com
pforgdiv-nonwt,AK9UVXY,pforgdiv-nonwt-su@mailtest.gov.uk,pforgdiv-nonwt-user3@mailinator.com
pforgdiv-o12uf,3C1GSFA,pforgdiv-o12uf-su@mailtest.gov.uk,pforgdiv-o12uf-user1@mailinator.com
pforgdiv-1v8ix,HEKAI1G,pforgdiv-1v8ix-su@mailtest.gov.uk,pforgdiv-1v8ix-user0@mailinator.com
pforgdiv-5rpt3,ITM1R0R,pforgdiv-5rpt3-su@mailtest.gov.uk,pforgdiv-5rpt3-user2@mailinator.com
pforgdiv-aqh75,30USYQX,pforgdiv-aqh75-su@mailtest.gov.uk,pforgdiv-aqh75-user3@mailinator.com
pforgdiv-kihyf,OL1V3DI,pforgdiv-kihyf-su@mailtest.gov.uk,pforgdiv-kihyf-user1@mailinator.com
pforgdiv-z2ylz,8RZPVE8,pforgdiv-z2ylz-su@mailtest.gov.uk,pforgdiv-z2ylz-user2@mailinator.com
pforgdiv-6o2z4,YRJMX8X,pforgdiv-6o2z4-su@mailtest.gov.uk,pforgdiv-6o2z4-user0@mailinator.com
pforgdiv-edrcv,XDHBGHJ,pforgdiv-edrcv-su@mailtest.gov.uk,pforgdiv-edrcv-user3@mailinator.com
pforgdiv-sbo23,8F6MUGT,pforgdiv-sbo23-su@mailtest.gov.uk,pforgdiv-sbo23-user1@mailinator.com
pforgdiv-k3lc1,XHFN3FQ,pforgdiv-k3lc1-su@mailtest.gov.uk,pforgdiv-k3lc1-user2@mailinator.com
pforgdiv-7mkcg,YWN9YPC,pforgdiv-7mkcg-su@mailtest.gov.uk,pforgdiv-7mkcg-user0@mailinator.com
pforgdiv-1utri,I08PJ7V,pforgdiv-1utri-su@mailtest.gov.uk,pforgdiv-1utri-user3@mailinator.com
pforgdiv-a5mue,UEEQL5M,pforgdiv-a5mue-su@mailtest.gov.uk,pforgdiv-a5mue-user1@mailinator.com
pforgdiv-o12uf,3C1GSFA,pforgdiv-o12uf-su@mailtest.gov.uk,pforgdiv-o12uf-user2@mailinator.com
pforgdiv-a7rss,MBWSGKX,pforgdiv-a7rss-su@mailtest.gov.uk,pforgdiv-a7rss-user0@mailinator.com
pforgdiv-1v8ix,HEKAI1G,pforgdiv-1v8ix-su@mailtest.gov.uk,pforgdiv-1v8ix-user1@mailinator.com
pforgdiv-5rpt3,ITM1R0R,pforgdiv-5rpt3-su@mailtest.gov.uk,pforgdiv-5rpt3-user3@mailinator.com
pforgdiv-kihyf,OL1V3DI,pforgdiv-kihyf-su@mailtest.gov.uk,pforgdiv-kihyf-user2@mailinator.com
pforgdiv-0nmqq,HSUP9KB,pforgdiv-0nmqq-su@mailtest.gov.uk,pforgdiv-0nmqq-user0@mailinator.com
pforgdiv-z2ylz,8RZPVE8,pforgdiv-z2ylz-su@mailtest.gov.uk,pforgdiv-z2ylz-user3@mailinator.com
pforgdiv-6o2z4,YRJMX8X,pforgdiv-6o2z4-su@mailtest.gov.uk,pforgdiv-6o2z4-user1@mailinator.com
pforgdiv-sbo23,8F6MUGT,pforgdiv-sbo23-su@mailtest.gov.uk,pforgdiv-sbo23-user2@mailinator.com
pforgdiv-9dtyf,YVMW9YX,pforgdiv-9dtyf-su@mailtest.gov.uk,pforgdiv-9dtyf-user0@mailinator.com
pforgdiv-k3lc1,XHFN3FQ,pforgdiv-k3lc1-su@mailtest.gov.uk,pforgdiv-k3lc1-user3@mailinator.com
pforgdiv-7mkcg,YWN9YPC,pforgdiv-7mkcg-su@mailtest.gov.uk,pforgdiv-7mkcg-user1@mailinator.com
pforgdiv-a5mue,UEEQL5M,pforgdiv-a5mue-su@mailtest.gov.uk,pforgdiv-a5mue-user2@mailinator.com
pforgdiv-sxuyn,ZQ25X0X,pforgdiv-sxuyn-su@mailtest.gov.uk,pforgdiv-sxuyn-user0@mailinator.com
pforgdiv-o12uf,3C1GSFA,pforgdiv-o12uf-su@mailtest.gov.uk,pforgdiv-o12uf-user3@mailinator.com
pforgdiv-a7rss,MBWSGKX,pforgdiv-a7rss-su@mailtest.gov.uk,pforgdiv-a7rss-user1@mailinator.com
pforgdiv-1v8ix,HEKAI1G,pforgdiv-1v8ix-su@mailtest.gov.uk,pforgdiv-1v8ix-user2@mailinator.com
pforgdiv-031u9,XAX0MN3,pforgdiv-031u9-su@mailtest.gov.uk,pforgdiv-031u9-user0@mailinator.com
pforgdiv-kihyf,OL1V3DI,pforgdiv-kihyf-su@mailtest.gov.uk,pforgdiv-kihyf-user3@mailinator.com
pforgdiv-0nmqq,HSUP9KB,pforgdiv-0nmqq-su@mailtest.gov.uk,pforgdiv-0nmqq-user1@mailinator.com
pforgdiv-6o2z4,YRJMX8X,pforgdiv-6o2z4-su@mailtest.gov.uk,pforgdiv-6o2z4-user2@mailinator.com
pforgdiv-gskxt,ONXF27M,pforgdiv-gskxt-su@mailtest.gov.uk,pforgdiv-gskxt-user0@mailinator.com
pforgdiv-sbo23,8F6MUGT,pforgdiv-sbo23-su@mailtest.gov.uk,pforgdiv-sbo23-user3@mailinator.com
pforgdiv-9dtyf,YVMW9YX,pforgdiv-9dtyf-su@mailtest.gov.uk,pforgdiv-9dtyf-user1@mailinator.com
pforgdiv-7mkcg,YWN9YPC,pforgdiv-7mkcg-su@mailtest.gov.uk,pforgdiv-7mkcg-user2@mailinator.com
pforgdiv-op3d7,O9DYGXV,pforgdiv-op3d7-su@mailtest.gov.uk,pforgdiv-op3d7-user0@mailinator.com
pforgdiv-a5mue,UEEQL5M,pforgdiv-a5mue-su@mailtest.gov.uk,pforgdiv-a5mue-user3@mailinator.com
pforgdiv-sxuyn,ZQ25X0X,pforgdiv-sxuyn-su@mailtest.gov.uk,pforgdiv-sxuyn-user1@mailinator.com
pforgdiv-a7rss,MBWSGKX,pforgdiv-a7rss-su@mailtest.gov.uk,pforgdiv-a7rss-user2@mailinator.com
pforgdiv-iy6p0,1BRNN9G,pforgdiv-iy6p0-su@mailtest.gov.uk,pforgdiv-iy6p0-user0@mailinator.com
pforgdiv-1v8ix,HEKAI1G,pforgdiv-1v8ix-su@mailtest.gov.uk,pforgdiv-1v8ix-user3@mailinator.com
pforgdiv-031u9,XAX0MN3,pforgdiv-031u9-su@mailtest.gov.uk,pforgdiv-031u9-user1@mailinator.com
pforgdiv-0nmqq,HSUP9KB,pforgdiv-0nmqq-su@mailtest.gov.uk,pforgdiv-0nmqq-user2@mailinator.com
pforgdiv-afset,NUCFLLH,pforgdiv-afset-su@mailtest.gov.uk,pforgdiv-afset-user0@mailinator.com
pforgdiv-6o2z4,YRJMX8X,pforgdiv-6o2z4-su@mailtest.gov.uk,pforgdiv-6o2z4-user3@mailinator.com
pforgdiv-gskxt,ONXF27M,pforgdiv-gskxt-su@mailtest.gov.uk,pforgdiv-gskxt-user1@mailinator.com
pforgdiv-mvjwr,16Z07J4,pforgdiv-mvjwr-su@mailtest.gov.uk,pforgdiv-mvjwr-user0@mailinator.com
pforgdiv-9dtyf,YVMW9YX,pforgdiv-9dtyf-su@mailtest.gov.uk,pforgdiv-9dtyf-user2@mailinator.com
pforgdiv-7mkcg,YWN9YPC,pforgdiv-7mkcg-su@mailtest.gov.uk,pforgdiv-7mkcg-user3@mailinator.com
pforgdiv-op3d7,O9DYGXV,pforgdiv-op3d7-su@mailtest.gov.uk,pforgdiv-op3d7-user1@mailinator.com
pforgdiv-sxuyn,ZQ25X0X,pforgdiv-sxuyn-su@mailtest.gov.uk,pforgdiv-sxuyn-user2@mailinator.com
pforgdiv-z1w4s,JGVFABT,pforgdiv-z1w4s-su@mailtest.gov.uk,pforgdiv-z1w4s-user0@mailinator.com
pforgdiv-a7rss,MBWSGKX,pforgdiv-a7rss-su@mailtest.gov.uk,pforgdiv-a7rss-user3@mailinator.com
pforgdiv-iy6p0,1BRNN9G,pforgdiv-iy6p0-su@mailtest.gov.uk,pforgdiv-iy6p0-user1@mailinator.com
pforgdiv-5au7h,B6KZV9R,pforgdiv-5au7h-su@mailtest.gov.uk,pforgdiv-5au7h-user0@mailinator.com
pforgdiv-031u9,XAX0MN3,pforgdiv-031u9-su@mailtest.gov.uk,pforgdiv-031u9-user2@mailinator.com
pforgdiv-0nmqq,HSUP9KB,pforgdiv-0nmqq-su@mailtest.gov.uk,pforgdiv-0nmqq-user3@mailinator.com
pforgdiv-afset,NUCFLLH,pforgdiv-afset-su@mailtest.gov.uk,pforgdiv-afset-user1@mailinator.com
pforgdiv-gskxt,ONXF27M,pforgdiv-gskxt-su@mailtest.gov.uk,pforgdiv-gskxt-user2@mailinator.com
pforgdiv-ur2v9,9MFBERW,pforgdiv-ur2v9-su@mailtest.gov.uk,pforgdiv-ur2v9-user0@mailinator.com
pforgdiv-mvjwr,16Z07J4,pforgdiv-mvjwr-su@mailtest.gov.uk,pforgdiv-mvjwr-user1@mailinator.com
pforgdiv-9dtyf,YVMW9YX,pforgdiv-9dtyf-su@mailtest.gov.uk,pforgdiv-9dtyf-user3@mailinator.com
pforgdiv-op3d7,O9DYGXV,pforgdiv-op3d7-su@mailtest.gov.uk,pforgdiv-op3d7-user2@mailinator.com
pforgdiv-qt5w6,GC08UU2,pforgdiv-qt5w6-su@mailtest.gov.uk,pforgdiv-qt5w6-user0@mailinator.com
pforgdiv-sxuyn,ZQ25X0X,pforgdiv-sxuyn-su@mailtest.gov.uk,pforgdiv-sxuyn-user3@mailinator.com
pforgdiv-z1w4s,JGVFABT,pforgdiv-z1w4s-su@mailtest.gov.uk,pforgdiv-z1w4s-user1@mailinator.com
pforgdiv-25a4i,UK3VKK2,pforgdiv-25a4i-su@mailtest.gov.uk,pforgdiv-25a4i-user0@mailinator.com
pforgdiv-iy6p0,1BRNN9G,pforgdiv-iy6p0-su@mailtest.gov.uk,pforgdiv-iy6p0-user2@mailinator.com
pforgdiv-5au7h,B6KZV9R,pforgdiv-5au7h-su@mailtest.gov.uk,pforgdiv-5au7h-user1@mailinator.com
pforgdiv-031u9,XAX0MN3,pforgdiv-031u9-su@mailtest.gov.uk,pforgdiv-031u9-user3@mailinator.com
pforgdiv-afset,NUCFLLH,pforgdiv-afset-su@mailtest.gov.uk,pforgdiv-afset-user2@mailinator.com
pforgdiv-k5nv2,X49HIL7,pforgdiv-k5nv2-su@mailtest.gov.uk,pforgdiv-k5nv2-user0@mailinator.com
pforgdiv-gskxt,ONXF27M,pforgdiv-gskxt-su@mailtest.gov.uk,pforgdiv-gskxt-user3@mailinator.com
pforgdiv-ur2v9,9MFBERW,pforgdiv-ur2v9-su@mailtest.gov.uk,pforgdiv-ur2v9-user1@mailinator.com
pforgdiv-mvjwr,16Z07J4,pforgdiv-mvjwr-su@mailtest.gov.uk,pforgdiv-mvjwr-user2@mailinator.com
pforgdiv-4t7mx,YBL26V0,pforgdiv-4t7mx-su@mailtest.gov.uk,pforgdiv-4t7mx-user0@mailinator.com
pforgdiv-op3d7,O9DYGXV,pforgdiv-op3d7-su@mailtest.gov.uk,pforgdiv-op3d7-user3@mailinator.com
pforgdiv-qt5w6,GC08UU2,pforgdiv-qt5w6-su@mailtest.gov.uk,pforgdiv-qt5w6-user1@mailinator.com
pforgdiv-z1w4s,JGVFABT,pforgdiv-z1w4s-su@mailtest.gov.uk,pforgdiv-z1w4s-user2@mailinator.com
pforgdiv-a8ir5,YRQ60LE,pforgdiv-a8ir5-su@mailtest.gov.uk,pforgdiv-a8ir5-user0@mailinator.com
pforgdiv-25a4i,UK3VKK2,pforgdiv-25a4i-su@mailtest.gov.uk,pforgdiv-25a4i-user1@mailinator.com
pforgdiv-iy6p0,1BRNN9G,pforgdiv-iy6p0-su@mailtest.gov.uk,pforgdiv-iy6p0-user3@mailinator.com
pforgdiv-5au7h,B6KZV9R,pforgdiv-5au7h-su@mailtest.gov.uk,pforgdiv-5au7h-user2@mailinator.com
pforgdiv-8b1xy,PZFTZTE,pforgdiv-8b1xy-su@mailtest.gov.uk,pforgdiv-8b1xy-user0@mailinator.com
pforgdiv-afset,NUCFLLH,pforgdiv-afset-su@mailtest.gov.uk,pforgdiv-afset-user3@mailinator.com
pforgdiv-k5nv2,X49HIL7,pforgdiv-k5nv2-su@mailtest.gov.uk,pforgdiv-k5nv2-user1@mailinator.com
pforgdiv-ur2v9,9MFBERW,pforgdiv-ur2v9-su@mailtest.gov.uk,pforgdiv-ur2v9-user2@mailinator.com
pforgdiv-vaejo,0A81BGN,pforgdiv-vaejo-su@mailtest.gov.uk,pforgdiv-vaejo-user0@mailinator.com
pforgdiv-mvjwr,16Z07J4,pforgdiv-mvjwr-su@mailtest.gov.uk,pforgdiv-mvjwr-user3@mailinator.com
pforgdiv-4t7mx,YBL26V0,pforgdiv-4t7mx-su@mailtest.gov.uk,pforgdiv-4t7mx-user1@mailinator.com
pforgdiv-hbdtt,XOB21R6,pforgdiv-hbdtt-su@mailtest.gov.uk,pforgdiv-hbdtt-user0@mailinator.com
pforgdiv-qt5w6,GC08UU2,pforgdiv-qt5w6-su@mailtest.gov.uk,pforgdiv-qt5w6-user2@mailinator.com
pforgdiv-z1w4s,JGVFABT,pforgdiv-z1w4s-su@mailtest.gov.uk,pforgdiv-z1w4s-user3@mailinator.com
pforgdiv-a8ir5,YRQ60LE,pforgdiv-a8ir5-su@mailtest.gov.uk,pforgdiv-a8ir5-user1@mailinator.com
pforgdiv-25a4i,UK3VKK2,pforgdiv-25a4i-su@mailtest.gov.uk,pforgdiv-25a4i-user2@mailinator.com
pforgdiv-gvcym,44MUTH5,pforgdiv-gvcym-su@mailtest.gov.uk,pforgdiv-gvcym-user0@mailinator.com
pforgdiv-5au7h,B6KZV9R,pforgdiv-5au7h-su@mailtest.gov.uk,pforgdiv-5au7h-user3@mailinator.com
pforgdiv-8b1xy,PZFTZTE,pforgdiv-8b1xy-su@mailtest.gov.uk,pforgdiv-8b1xy-user1@mailinator.com
pforgdiv-k5nv2,X49HIL7,pforgdiv-k5nv2-su@mailtest.gov.uk,pforgdiv-k5nv2-user2@mailinator.com
pforgdiv-zhqr8,DMFVQ6O,pforgdiv-zhqr8-su@mailtest.gov.uk,pforgdiv-zhqr8-user0@mailinator.com
pforgdiv-ur2v9,9MFBERW,pforgdiv-ur2v9-su@mailtest.gov.uk,pforgdiv-ur2v9-user3@mailinator.com
pforgdiv-vaejo,0A81BGN,pforgdiv-vaejo-su@mailtest.gov.uk,pforgdiv-vaejo-user1@mailinator.com
pforgdiv-4t7mx,YBL26V0,pforgdiv-4t7mx-su@mailtest.gov.uk,pforgdiv-4t7mx-user2@mailinator.com
pforgdiv-x3ucy,YBTHZM1,pforgdiv-x3ucy-su@mailtest.gov.uk,pforgdiv-x3ucy-user0@mailinator.com
pforgdiv-hbdtt,XOB21R6,pforgdiv-hbdtt-su@mailtest.gov.uk,pforgdiv-hbdtt-user1@mailinator.com
pforgdiv-qt5w6,GC08UU2,pforgdiv-qt5w6-su@mailtest.gov.uk,pforgdiv-qt5w6-user3@mailinator.com
pforgdiv-a8ir5,YRQ60LE,pforgdiv-a8ir5-su@mailtest.gov.uk,pforgdiv-a8ir5-user2@mailinator.com
pforgdiv-r466p,3J37L7Q,pforgdiv-r466p-su@mailtest.gov.uk,pforgdiv-r466p-user0@mailinator.com
pforgdiv-25a4i,UK3VKK2,pforgdiv-25a4i-su@mailtest.gov.uk,pforgdiv-25a4i-user3@mailinator.com
pforgdiv-gvcym,44MUTH5,pforgdiv-gvcym-su@mailtest.gov.uk,pforgdiv-gvcym-user1@mailinator.com
pforgdiv-8b1xy,PZFTZTE,pforgdiv-8b1xy-su@mailtest.gov.uk,pforgdiv-8b1xy-user2@mailinator.com
pforgdiv-qyahk,A3TW31D,pforgdiv-qyahk-su@mailtest.gov.uk,pforgdiv-qyahk-user0@mailinator.com
pforgdiv-k5nv2,X49HIL7,pforgdiv-k5nv2-su@mailtest.gov.uk,pforgdiv-k5nv2-user3@mailinator.com
pforgdiv-zhqr8,DMFVQ6O,pforgdiv-zhqr8-su@mailtest.gov.uk,pforgdiv-zhqr8-user1@mailinator.com
pforgdiv-vaejo,0A81BGN,pforgdiv-vaejo-su@mailtest.gov.uk,pforgdiv-vaejo-user2@mailinator.com
pforgdiv-fcilg,MO0VC3R,pforgdiv-fcilg-su@mailtest.gov.uk,pforgdiv-fcilg-user0@mailinator.com
pforgdiv-4t7mx,YBL26V0,pforgdiv-4t7mx-su@mailtest.gov.uk,pforgdiv-4t7mx-user3@mailinator.com
pforgdiv-x3ucy,YBTHZM1,pforgdiv-x3ucy-su@mailtest.gov.uk,pforgdiv-x3ucy-user1@mailinator.com
pforgdiv-a8ir5,YRQ60LE,pforgdiv-a8ir5-su@mailtest.gov.uk,pforgdiv-a8ir5-user3@mailinator.com
pforgdiv-hbdtt,XOB21R6,pforgdiv-hbdtt-su@mailtest.gov.uk,pforgdiv-hbdtt-user2@mailinator.com
pforgdiv-1hgkl,B1LI9UK,pforgdiv-1hgkl-su@mailtest.gov.uk,pforgdiv-1hgkl-user0@mailinator.com
pforgdiv-r466p,3J37L7Q,pforgdiv-r466p-su@mailtest.gov.uk,pforgdiv-r466p-user1@mailinator.com
pforgdiv-gvcym,44MUTH5,pforgdiv-gvcym-su@mailtest.gov.uk,pforgdiv-gvcym-user2@mailinator.com
pforgdiv-ovj84,JY5KW3E,pforgdiv-ovj84-su@mailtest.gov.uk,pforgdiv-ovj84-user0@mailinator.com
pforgdiv-8b1xy,PZFTZTE,pforgdiv-8b1xy-su@mailtest.gov.uk,pforgdiv-8b1xy-user3@mailinator.com
pforgdiv-qyahk,A3TW31D,pforgdiv-qyahk-su@mailtest.gov.uk,pforgdiv-qyahk-user1@mailinator.com
pforgdiv-zhqr8,DMFVQ6O,pforgdiv-zhqr8-su@mailtest.gov.uk,pforgdiv-zhqr8-user2@mailinator.com
pforgdiv-mp7rw,8D0QU3Z,pforgdiv-mp7rw-su@mailtest.gov.uk,pforgdiv-mp7rw-user0@mailinator.com
pforgdiv-vaejo,0A81BGN,pforgdiv-vaejo-su@mailtest.gov.uk,pforgdiv-vaejo-user3@mailinator.com
pforgdiv-fcilg,MO0VC3R,pforgdiv-fcilg-su@mailtest.gov.uk,pforgdiv-fcilg-user1@mailinator.com
pforgdiv-x3ucy,YBTHZM1,pforgdiv-x3ucy-su@mailtest.gov.uk,pforgdiv-x3ucy-user2@mailinator.com
pforgdiv-l8mjo,CXJQNCU,pforgdiv-l8mjo-su@mailtest.gov.uk,pforgdiv-l8mjo-user0@mailinator.com
pforgdiv-r466p,3J37L7Q,pforgdiv-r466p-su@mailtest.gov.uk,pforgdiv-r466p-user2@mailinator.com
pforgdiv-hbdtt,XOB21R6,pforgdiv-hbdtt-su@mailtest.gov.uk,pforgdiv-hbdtt-user3@mailinator.com
pforgdiv-1hgkl,B1LI9UK,pforgdiv-1hgkl-su@mailtest.gov.uk,pforgdiv-1hgkl-user1@mailinator.com
pforgdiv-4ayif,B0JISSJ,pforgdiv-4ayif-su@mailtest.gov.uk,pforgdiv-4ayif-user0@mailinator.com
pforgdiv-gvcym,44MUTH5,pforgdiv-gvcym-su@mailtest.gov.uk,pforgdiv-gvcym-user3@mailinator.com
pforgdiv-ovj84,JY5KW3E,pforgdiv-ovj84-su@mailtest.gov.uk,pforgdiv-ovj84-user1@mailinator.com
pforgdiv-qyahk,A3TW31D,pforgdiv-qyahk-su@mailtest.gov.uk,pforgdiv-qyahk-user2@mailinator.com
pforgdiv-gsipz,BW3D8M1,pforgdiv-gsipz-su@mailtest.gov.uk,pforgdiv-gsipz-user0@mailinator.com
pforgdiv-zhqr8,DMFVQ6O,pforgdiv-zhqr8-su@mailtest.gov.uk,pforgdiv-zhqr8-user3@mailinator.com
pforgdiv-mp7rw,8D0QU3Z,pforgdiv-mp7rw-su@mailtest.gov.uk,pforgdiv-mp7rw-user1@mailinator.com
pforgdiv-bt3tv,91N72ZS,pforgdiv-bt3tv-su@mailtest.gov.uk,pforgdiv-bt3tv-user0@mailinator.com
pforgdiv-fcilg,MO0VC3R,pforgdiv-fcilg-su@mailtest.gov.uk,pforgdiv-fcilg-user2@mailinator.com
pforgdiv-x3ucy,YBTHZM1,pforgdiv-x3ucy-su@mailtest.gov.uk,pforgdiv-x3ucy-user3@mailinator.com
pforgdiv-l8mjo,CXJQNCU,pforgdiv-l8mjo-su@mailtest.gov.uk,pforgdiv-l8mjo-user1@mailinator.com
pforgdiv-r466p,3J37L7Q,pforgdiv-r466p-su@mailtest.gov.uk,pforgdiv-r466p-user3@mailinator.com
pforgdiv-1hgkl,B1LI9UK,pforgdiv-1hgkl-su@mailtest.gov.uk,pforgdiv-1hgkl-user2@mailinator.com
pforgdiv-4ayif,B0JISSJ,pforgdiv-4ayif-su@mailtest.gov.uk,pforgdiv-4ayif-user1@mailinator.com
pforgdiv-ovj84,JY5KW3E,pforgdiv-ovj84-su@mailtest.gov.uk,pforgdiv-ovj84-user2@mailinator.com
pforgdiv-qyahk,A3TW31D,pforgdiv-qyahk-su@mailtest.gov.uk,pforgdiv-qyahk-user3@mailinator.com
pforgdiv-gsipz,BW3D8M1,pforgdiv-gsipz-su@mailtest.gov.uk,pforgdiv-gsipz-user1@mailinator.com
pforgdiv-mp7rw,8D0QU3Z,pforgdiv-mp7rw-su@mailtest.gov.uk,pforgdiv-mp7rw-user2@mailinator.com
pforgdiv-bt3tv,91N72ZS,pforgdiv-bt3tv-su@mailtest.gov.uk,pforgdiv-bt3tv-user1@mailinator.com
pforgdiv-fcilg,MO0VC3R,pforgdiv-fcilg-su@mailtest.gov.uk,pforgdiv-fcilg-user3@mailinator.com
pforgdiv-l8mjo,CXJQNCU,pforgdiv-l8mjo-su@mailtest.gov.uk,pforgdiv-l8mjo-user2@mailinator.com
pforgdiv-1hgkl,B1LI9UK,pforgdiv-1hgkl-su@mailtest.gov.uk,pforgdiv-1hgkl-user3@mailinator.com
pforgdiv-4ayif,B0JISSJ,pforgdiv-4ayif-su@mailtest.gov.uk,pforgdiv-4ayif-user2@mailinator.com
pforgdiv-ovj84,JY5KW3E,pforgdiv-ovj84-su@mailtest.gov.uk,pforgdiv-ovj84-user3@mailinator.com
pforgdiv-gsipz,BW3D8M1,pforgdiv-gsipz-su@mailtest.gov.uk,pforgdiv-gsipz-user2@mailinator.com
pforgdiv-mp7rw,8D0QU3Z,pforgdiv-mp7rw-su@mailtest.gov.uk,pforgdiv-mp7rw-user3@mailinator.com
pforgdiv-bt3tv,91N72ZS,pforgdiv-bt3tv-su@mailtest.gov.uk,pforgdiv-bt3tv-user2@mailinator.com
pforgdiv-l8mjo,CXJQNCU,pforgdiv-l8mjo-su@mailtest.gov.uk,pforgdiv-l8mjo-user3@mailinator.com
pforgdiv-4ayif,B0JISSJ,pforgdiv-4ayif-su@mailtest.gov.uk,pforgdiv-4ayif-user3@mailinator.com
pforgdiv-gsipz,BW3D8M1,pforgdiv-gsipz-su@mailtest.gov.uk,pforgdiv-gsipz-user3@mailinator.com
pforgdiv-bt3tv,91N72ZS,pforgdiv-bt3tv-su@mailtest.gov.uk,pforgdiv-bt3tv-user3@mailinator.com
