orgname,orgref,superuser,user,password
iacorg-iesp1,N7AL9FP,iacorg-iesp1_superuser@mailtest.co.uk,iacorg-cvr51_user525@mailtest.co.uk,Pass19word
iacorg-ievej,39SH4E0,iacorg-ievej_superuser@mailtest.co.uk,iacorg-f8hlz_user7@mailtest.co.uk,Pass19word
iacorg-imipt,3WI32WW,iacorg-imipt_superuser@mailtest.co.uk,iacorg-fon06_user77@mailtest.co.uk,Pass19word
iacorg-ipu7s,N3GVXT9,iacorg-ipu7s_superuser@mailtest.co.uk,iacorg-g044t_user367@mailtest.co.uk,Pass19word
iacorg-is1aj,E0SDZ9N,iacorg-is1aj_superuser@mailtest.co.uk,iacorg-g044t_user372@mailtest.co.uk,Pass19word
iacorg-iujsn,1PLN1KD,iacorg-iujsn_superuser@mailtest.co.uk,iacorg-g2xx8_user486@mailtest.co.uk,Pass19word
iacorg-j1l2r,TCA63LI,iacorg-j1l2r_superuser@mailtest.co.uk,iacorg-gcpo0_user596@mailtest.co.uk,Pass19word
iacorg-j2fps,2SM1XDU,iacorg-j2fps_superuser@mailtest.co.uk,iacorg-gcpo0_user601@mailtest.co.uk,Pass19word
iacorg-j7i59,63DML07,iacorg-j7i59_superuser@mailtest.co.uk,iacorg-gubcs_user234@mailtest.co.uk,Pass19word
iacorg-jc0ee,1JQ1T15,iacorg-jc0ee_superuser@mailtest.co.uk,iacorg-gubcs_user239@mailtest.co.uk,Pass19word
iacorg-jngj9,XP5M9B6,iacorg-jngj9_superuser@mailtest.co.uk,iacorg-hxqzf_user575@mailtest.co.uk,Pass19word
iacorg-jpdfh,3VWUPC0,iacorg-jpdfh_superuser@mailtest.co.uk,iacorg-hxqzf_user580@mailtest.co.uk,Pass19word
iacorg-k4ww9,E0SDZ9N,iacorg-k4ww9_superuser@mailtest.co.uk,iacorg-iesp1_user194@mailtest.co.uk,Pass19word
iacorg-k7re0,84DFHED,iacorg-k7re0_superuser@mailtest.co.uk,iacorg-ievej_user251@mailtest.co.uk,Pass19word
iacorg-krc1n,GMHOG96,iacorg-krc1n_superuser@mailtest.co.uk,iacorg-imipt_user337@mailtest.co.uk,Pass19word
iacorg-kuqyo,N7AL9FP,iacorg-kuqyo_superuser@mailtest.co.uk,iacorg-ipu7s_user311@mailtest.co.uk,Pass19word
iacorg-le473,64I46DI,iacorg-le473_superuser@mailtest.co.uk,iacorg-ipu7s_user316@mailtest.co.uk,Pass19word
iacorg-lf6kc,OGN08W1,iacorg-lf6kc_superuser@mailtest.co.uk,iacorg-is1aj_user261@mailtest.co.uk,Pass19word
iacorg-lgjyx,CDTEAF9,iacorg-lgjyx_superuser@mailtest.co.uk,iacorg-j1l2r_user603@mailtest.co.uk,Pass19word
iacorg-lr1bn,P4W0CND,iacorg-lr1bn_superuser@mailtest.co.uk,iacorg-j2fps_user214@mailtest.co.uk,Pass19word
iacorg-m54fr,8EZLDCC,iacorg-m54fr_superuser@mailtest.co.uk,iacorg-j7i59_user60@mailtest.co.uk,Pass19word
iacorg-m8dps,TCA63LI,iacorg-m8dps_superuser@mailtest.co.uk,iacorg-jc0ee_user85@mailtest.co.uk,Pass19word
iacorg-mo6c0,65N7PG1,iacorg-mo6c0_superuser@mailtest.co.uk,iacorg-jc0ee_user89@mailtest.co.uk,Pass19word
iacorg-mr6p4,QVF9IL2,iacorg-mr6p4_superuser@mailtest.co.uk,iacorg-jngj9_user202@mailtest.co.uk,Pass19word
iacorg-n099j,JU0U9WY,iacorg-n099j_superuser@mailtest.co.uk,iacorg-k4ww9_user555@mailtest.co.uk,Pass19word
iacorg-n115k,05MTJNK,iacorg-n115k_superuser@mailtest.co.uk,iacorg-krc1n_user499@mailtest.co.uk,Pass19word
iacorg-n1x0e,X8UWLI7,iacorg-n1x0e_superuser@mailtest.co.uk,iacorg-kuqyo_user558@mailtest.co.uk,Pass19word
iacorg-n9k5z,41JJDF4,iacorg-n9k5z_superuser@mailtest.co.uk,iacorg-le473_user549@mailtest.co.uk,Pass19word
iacorg-nj9j2,N0W7VKF,iacorg-nj9j2_superuser@mailtest.co.uk,iacorg-lf6kc_user169@mailtest.co.uk,Pass19word
iacorg-nsvt0,GMHOG96,iacorg-nsvt0_superuser@mailtest.co.uk,iacorg-lr1bn_user465@mailtest.co.uk,Pass19word
iacorg-o7hee,K62CJSV,iacorg-o7hee_superuser@mailtest.co.uk,iacorg-m54fr_user421@mailtest.co.uk,Pass19word
iacorg-ogavb,Z2C4JZH,iacorg-ogavb_superuser@mailtest.co.uk,iacorg-m8dps_user229@mailtest.co.uk,Pass19word
iacorg-ohymy,487YF70,iacorg-ohymy_superuser@mailtest.co.uk,iacorg-mo6c0_user324@mailtest.co.uk,Pass19word
iacorg-orjlk,CDTEAF9,iacorg-orjlk_superuser@mailtest.co.uk,iacorg-mo6c0_user329@mailtest.co.uk,Pass19word
iacorg-p8iob,B9OPCO5,iacorg-p8iob_superuser@mailtest.co.uk,iacorg-n099j_user112@mailtest.co.uk,Pass19word
iacorg-paiyq,8EZLDCC,iacorg-paiyq_superuser@mailtest.co.uk,iacorg-n115k_user392@mailtest.co.uk,Pass19word
iacorg-py42v,8WKRD62,iacorg-py42v_superuser@mailtest.co.uk,iacorg-n1x0e_user450@mailtest.co.uk,Pass19word
iacorg-q1lmx,65N7PG1,iacorg-q1lmx_superuser@mailtest.co.uk,iacorg-n9k5z_user11@mailtest.co.uk,Pass19word
iacorg-r1fxc,LSPAU9E,iacorg-r1fxc_superuser@mailtest.co.uk,iacorg-nsvt0_user27@mailtest.co.uk,Pass19word
iacorg-reisn,JU0U9WY,iacorg-reisn_superuser@mailtest.co.uk,iacorg-o7hee_user546@mailtest.co.uk,Pass19word
iacorg-rugbr,05MTJNK,iacorg-rugbr_superuser@mailtest.co.uk,iacorg-ogavb_user572@mailtest.co.uk,Pass19word
iacorg-sarx6,3VWUPC0,iacorg-sarx6_superuser@mailtest.co.uk,iacorg-orjlk_user587@mailtest.co.uk,Pass19word
iacorg-spmre,WWK1EW8,iacorg-spmre_superuser@mailtest.co.uk,iacorg-orjlk_user592@mailtest.co.uk,Pass19word
iacorg-svo5b,H45Z7II,iacorg-svo5b_superuser@mailtest.co.uk,iacorg-p8iob_user494@mailtest.co.uk,Pass19word
iacorg-sy4j1,OY5S6JG,iacorg-sy4j1_superuser@mailtest.co.uk,iacorg-paiyq_user166@mailtest.co.uk,Pass19word
iacorg-tf3v6,6SRMK2X,iacorg-tf3v6_superuser@mailtest.co.uk,iacorg-q1lmx_user481@mailtest.co.uk,Pass19word
iacorg-tk8ib,86HJH20,iacorg-tk8ib_superuser@mailtest.co.uk,iacorg-rugbr_user305@mailtest.co.uk,Pass19word
iacorg-tpfnx,UPNUZ62,iacorg-tpfnx_superuser@mailtest.co.uk,iacorg-sarx6_user49@mailtest.co.uk,Pass19word
iacorg-tpybr,CEJ97NV,iacorg-tpybr_superuser@mailtest.co.uk,iacorg-spmre_user145@mailtest.co.uk,Pass19word
iacorg-tvryt,HEQX275,iacorg-tvryt_superuser@mailtest.co.uk,iacorg-svo5b_user504@mailtest.co.uk,Pass19word
iacorg-txqmo,VVQ4VA3,iacorg-txqmo_superuser@mailtest.co.uk,iacorg-svo5b_user509@mailtest.co.uk,Pass19word
iacorg-uuext,6ICO3QJ,iacorg-uuext_superuser@mailtest.co.uk,iacorg-tf3v6_user426@mailtest.co.uk,Pass19word
iacorg-vao8m,N28ZLH0,iacorg-vao8m_superuser@mailtest.co.uk,iacorg-tpfnx_user275@mailtest.co.uk,Pass19word
iacorg-vntts,LSPAU9E,iacorg-vntts_superuser@mailtest.co.uk,iacorg-tpybr_user32@mailtest.co.uk,Pass19word
iacorg-vwcz6,864O2HI,iacorg-vwcz6_superuser@mailtest.co.uk,iacorg-txqmo_user408@mailtest.co.uk,Pass19word
iacorg-vxdpo,UUY5M6V,iacorg-vxdpo_superuser@mailtest.co.uk,iacorg-uuext_user634@mailtest.co.uk,Pass19word
iacorg-vzwew,D5YRDG0,iacorg-vzwew_superuser@mailtest.co.uk,iacorg-vao8m_user353@mailtest.co.uk,Pass19word
iacorg-w3die,UHOL10J,iacorg-w3die_superuser@mailtest.co.uk,iacorg-vntts_user42@mailtest.co.uk,Pass19word
iacorg-w9qhc,OHS3L84,iacorg-w9qhc_superuser@mailtest.co.uk,iacorg-vxdpo_user224@mailtest.co.uk,Pass19word
iacorg-wbkq1,OY5S6JG,iacorg-wbkq1_superuser@mailtest.co.uk,iacorg-w3die_user52@mailtest.co.uk,Pass19word
iacorg-wgmfk,8LZDLX1,iacorg-wgmfk_superuser@mailtest.co.uk,iacorg-w9qhc_user208@mailtest.co.uk,Pass19word
iacorg-womtb,86HJH20,iacorg-womtb_superuser@mailtest.co.uk,iacorg-w9qhc_user213@mailtest.co.uk,Pass19word
iacorg-wwr79,0HXTMFE,iacorg-wwr79_superuser@mailtest.co.uk,iacorg-wgmfk_user621@mailtest.co.uk,Pass19word
iacorg-wxvhf,EP8PH7X,iacorg-wxvhf_superuser@mailtest.co.uk,iacorg-womtb_user23@mailtest.co.uk,Pass19word
iacorg-xbknw,B9OPCO5,iacorg-xbknw_superuser@mailtest.co.uk,iacorg-wxvhf_user292@mailtest.co.uk,Pass19word
iacorg-xf9pe,H45Z7II,iacorg-xf9pe_superuser@mailtest.co.uk,iacorg-wxvhf_user297@mailtest.co.uk,Pass19word
iacorg-xucm6,L2PE1Z7,iacorg-xucm6_superuser@mailtest.co.uk,iacorg-xf9pe_user16@mailtest.co.uk,Pass19word
iacorg-xvvkv,8LZDLX1,iacorg-xvvkv_superuser@mailtest.co.uk,iacorg-xwrbz_user90@mailtest.co.uk,Pass19word
iacorg-xwrbz,UI1QRGY,iacorg-xwrbz_superuser@mailtest.co.uk,iacorg-xwrbz_user95@mailtest.co.uk,Pass19word
iacorg-y7j2q,QPGLT0L,iacorg-y7j2q_superuser@mailtest.co.uk,iacorg-y7j2q_user627@mailtest.co.uk,Pass19word
iacorg-yly7f,VDQ7FW9,iacorg-yly7f_superuser@mailtest.co.uk,iacorg-y7j2q_user632@mailtest.co.uk,Pass19word
iacorg-ytuj9,PYWSE1P,iacorg-ytuj9_superuser@mailtest.co.uk,iacorg-yly7f_user378@mailtest.co.uk,Pass19word
iacorg-ytvpl,6P663RS,iacorg-ytvpl_superuser@mailtest.co.uk,iacorg-ytuj9_user564@mailtest.co.uk,Pass19word
iacorg-z6hmm,86HJH20,iacorg-z6hmm_superuser@mailtest.co.uk,iacorg-ytvpl_user219@mailtest.co.uk,Pass19word
iacorg-z86ir,QPGLT0L,iacorg-z86ir_superuser@mailtest.co.uk,iacorg-z6hmm_user189@mailtest.co.uk,Pass19word
iacorg-zaq70,APGPS1H,iacorg-zaq70_superuser@mailtest.co.uk,iacorg-z86ir_user137@mailtest.co.uk,Pass19word
iacorg-zgexf,L2PE1Z7,iacorg-zgexf_superuser@mailtest.co.uk,iacorg-zaq70_user282@mailtest.co.uk,Pass19word
iacorg-zm927,0HXTMFE,iacorg-zm927_superuser@mailtest.co.uk,iacorg-zgexf_user478@mailtest.co.uk,Pass19word
iacorg-zp6zf,VDQ7FW9,iacorg-zp6zf_superuser@mailtest.co.uk,iacorg-zm927_user537@mailtest.co.uk,Pass19word
iacorg-zy64n,ORSX36S,iacorg-zy64n_superuser@mailtest.co.uk,iacorg-zp6zf_user205@mailtest.co.uk,Pass19word
iacorg-iesp1,A6WTPX2,iacorg-iesp1_superuser@mailtest.co.uk,iacorg-cvr51_user526@mailtest.co.uk,Pass19word
iacorg-ievej,Z2C4JZH,iacorg-ievej_superuser@mailtest.co.uk,iacorg-fmol8_user355@mailtest.co.uk,Pass19word
iacorg-iesp1,N7AL9FP,iacorg-iesp1_superuser@mailtest.co.uk,iacorg-cvr51_user525@mailtest.co.uk,Pass19word
iacorg-iesp1,63DML07,iacorg-iesp1_superuser@mailtest.co.uk,iacorg-d1pfw_user5@mailtest.co.uk,Pass19word
iacorg-iesp1,QVF9IL2,iacorg-iesp1_superuser@mailtest.co.uk,iacorg-d2t6u_user82@mailtest.co.uk,Pass19word
iacorg-iesp1,64I46DI,iacorg-iesp1_superuser@mailtest.co.uk,iacorg-f8hlz_user6@mailtest.co.uk,Pass19word
iacorg-ievej,39SH4E0,iacorg-ievej_superuser@mailtest.co.uk,iacorg-f8hlz_user7@mailtest.co.uk,Pass19word
iacorg-ievej,DWA4JU9,iacorg-ievej_superuser@mailtest.co.uk,iacorg-fmol8_user356@mailtest.co.uk,Pass19word
iacorg-ievej,1JQ1T15,iacorg-ievej_superuser@mailtest.co.uk,iacorg-fmol8_user357@mailtest.co.uk,Pass19word
iacorg-ievej,AT3UOMU,iacorg-ievej_superuser@mailtest.co.uk,iacorg-fmol8_user358@mailtest.co.uk,Pass19word
iacorg-imipt,3WI32WW,iacorg-imipt_superuser@mailtest.co.uk,iacorg-fon06_user77@mailtest.co.uk,Pass19word
iacorg-imipt,OGN08W1,iacorg-imipt_superuser@mailtest.co.uk,iacorg-fon06_user78@mailtest.co.uk,Pass19word
iacorg-imipt,5PDS3UF,iacorg-imipt_superuser@mailtest.co.uk,iacorg-fon06_user79@mailtest.co.uk,Pass19word
iacorg-imipt,VNIF250,iacorg-imipt_superuser@mailtest.co.uk,iacorg-fon06_user80@mailtest.co.uk,Pass19word
iacorg-imipt,XP5M9B6,iacorg-imipt_superuser@mailtest.co.uk,iacorg-fon06_user81@mailtest.co.uk,Pass19word
iacorg-ipu7s,N3GVXT9,iacorg-ipu7s_superuser@mailtest.co.uk,iacorg-g044t_user367@mailtest.co.uk,Pass19word
iacorg-ipu7s,X8UWLI7,iacorg-ipu7s_superuser@mailtest.co.uk,iacorg-g044t_user368@mailtest.co.uk,Pass19word
iacorg-ipu7s,P4W0CND,iacorg-ipu7s_superuser@mailtest.co.uk,iacorg-g044t_user369@mailtest.co.uk,Pass19word
iacorg-ipu7s,GTEN1Y0,iacorg-ipu7s_superuser@mailtest.co.uk,iacorg-g044t_user370@mailtest.co.uk,Pass19word
iacorg-ipu7s,CJL9V7I,iacorg-ipu7s_superuser@mailtest.co.uk,iacorg-g044t_user371@mailtest.co.uk,Pass19word
iacorg-is1aj,E0SDZ9N,iacorg-is1aj_superuser@mailtest.co.uk,iacorg-g044t_user372@mailtest.co.uk,Pass19word
iacorg-is1aj,Y2O2HBE,iacorg-is1aj_superuser@mailtest.co.uk,iacorg-g044t_user373@mailtest.co.uk,Pass19word
iacorg-is1aj,CWSDIT8,iacorg-is1aj_superuser@mailtest.co.uk,iacorg-g044t_user374@mailtest.co.uk,Pass19word
iacorg-is1aj,S1FF9PX,iacorg-is1aj_superuser@mailtest.co.uk,iacorg-g2xx8_user484@mailtest.co.uk,Pass19word
iacorg-is1aj,MGMZ1WF,iacorg-is1aj_superuser@mailtest.co.uk,iacorg-g2xx8_user485@mailtest.co.uk,Pass19word
iacorg-iujsn,1PLN1KD,iacorg-iujsn_superuser@mailtest.co.uk,iacorg-g2xx8_user486@mailtest.co.uk,Pass19word
iacorg-iujsn,MYUF7UY,iacorg-iujsn_superuser@mailtest.co.uk,iacorg-g2xx8_user487@mailtest.co.uk,Pass19word
iacorg-iujsn,84DFHED,iacorg-iujsn_superuser@mailtest.co.uk,iacorg-g2xx8_user488@mailtest.co.uk,Pass19word
iacorg-iujsn,MB2JXZP,iacorg-iujsn_superuser@mailtest.co.uk,iacorg-g9pxj_user1@mailtest.co.uk,Pass19word
iacorg-iujsn,QS0E0SP,iacorg-iujsn_superuser@mailtest.co.uk,iacorg-gcpo0_user595@mailtest.co.uk,Pass19word
iacorg-j1l2r,TCA63LI,iacorg-j1l2r_superuser@mailtest.co.uk,iacorg-gcpo0_user596@mailtest.co.uk,Pass19word
iacorg-j1l2r,MOAFM38,iacorg-j1l2r_superuser@mailtest.co.uk,iacorg-gcpo0_user597@mailtest.co.uk,Pass19word
iacorg-j1l2r,GMHOG96,iacorg-j1l2r_superuser@mailtest.co.uk,iacorg-gcpo0_user598@mailtest.co.uk,Pass19word
iacorg-j1l2r,P6UN1FK,iacorg-j1l2r_superuser@mailtest.co.uk,iacorg-gcpo0_user599@mailtest.co.uk,Pass19word
iacorg-j1l2r,K62CJSV,iacorg-j1l2r_superuser@mailtest.co.uk,iacorg-gcpo0_user600@mailtest.co.uk,Pass19word
iacorg-j2fps,2SM1XDU,iacorg-j2fps_superuser@mailtest.co.uk,iacorg-gcpo0_user601@mailtest.co.uk,Pass19word
iacorg-j2fps,GXE7P6R,iacorg-j2fps_superuser@mailtest.co.uk,iacorg-gd4os_user649@mailtest.co.uk,Pass19word
iacorg-j2fps,UK09CPB,iacorg-j2fps_superuser@mailtest.co.uk,iacorg-gd4os_user650@mailtest.co.uk,Pass19word
iacorg-j2fps,N7AL9FP,iacorg-j2fps_superuser@mailtest.co.uk,iacorg-gd4os_user651@mailtest.co.uk,Pass19word
iacorg-j2fps,QVF9IL2,iacorg-j2fps_superuser@mailtest.co.uk,iacorg-gd4os_user652@mailtest.co.uk,Pass19word
iacorg-j7i59,63DML07,iacorg-j7i59_superuser@mailtest.co.uk,iacorg-gubcs_user234@mailtest.co.uk,Pass19word
iacorg-j7i59,Z2C4JZH,iacorg-j7i59_superuser@mailtest.co.uk,iacorg-gubcs_user235@mailtest.co.uk,Pass19word
iacorg-j7i59,64I46DI,iacorg-j7i59_superuser@mailtest.co.uk,iacorg-gubcs_user236@mailtest.co.uk,Pass19word
iacorg-j7i59,39SH4E0,iacorg-j7i59_superuser@mailtest.co.uk,iacorg-gubcs_user237@mailtest.co.uk,Pass19word
iacorg-j7i59,JU0U9WY,iacorg-j7i59_superuser@mailtest.co.uk,iacorg-gubcs_user238@mailtest.co.uk,Pass19word
iacorg-jc0ee,1JQ1T15,iacorg-jc0ee_superuser@mailtest.co.uk,iacorg-gubcs_user239@mailtest.co.uk,Pass19word
iacorg-jc0ee,AT3UOMU,iacorg-jc0ee_superuser@mailtest.co.uk,iacorg-gz05r_user440@mailtest.co.uk,Pass19word
iacorg-jc0ee,3WI32WW,iacorg-jc0ee_superuser@mailtest.co.uk,iacorg-gz05r_user441@mailtest.co.uk,Pass19word
iacorg-jc0ee,OGN08W1,iacorg-jc0ee_superuser@mailtest.co.uk,iacorg-hxqzf_user573@mailtest.co.uk,Pass19word
iacorg-jc0ee,LJMU1AT,iacorg-jc0ee_superuser@mailtest.co.uk,iacorg-hxqzf_user574@mailtest.co.uk,Pass19word
iacorg-jngj9,XP5M9B6,iacorg-jngj9_superuser@mailtest.co.uk,iacorg-hxqzf_user575@mailtest.co.uk,Pass19word
iacorg-jngj9,VNIF250,iacorg-jngj9_superuser@mailtest.co.uk,iacorg-hxqzf_user576@mailtest.co.uk,Pass19word
iacorg-jngj9,N3GVXT9,iacorg-jngj9_superuser@mailtest.co.uk,iacorg-hxqzf_user577@mailtest.co.uk,Pass19word
iacorg-jngj9,CDTEAF9,iacorg-jngj9_superuser@mailtest.co.uk,iacorg-hxqzf_user578@mailtest.co.uk,Pass19word
iacorg-jngj9,X8UWLI7,iacorg-jngj9_superuser@mailtest.co.uk,iacorg-hxqzf_user579@mailtest.co.uk,Pass19word
iacorg-jpdfh,3VWUPC0,iacorg-jpdfh_superuser@mailtest.co.uk,iacorg-hxqzf_user580@mailtest.co.uk,Pass19word
iacorg-jpdfh,GTEN1Y0,iacorg-jpdfh_superuser@mailtest.co.uk,iacorg-i8vkm_user602@mailtest.co.uk,Pass19word
iacorg-jpdfh,P4W0CND,iacorg-jpdfh_superuser@mailtest.co.uk,iacorg-iesp1_user191@mailtest.co.uk,Pass19word
iacorg-jpdfh,CJL9V7I,iacorg-jpdfh_superuser@mailtest.co.uk,iacorg-iesp1_user192@mailtest.co.uk,Pass19word
iacorg-jpdfh,Y2O2HBE,iacorg-jpdfh_superuser@mailtest.co.uk,iacorg-iesp1_user193@mailtest.co.uk,Pass19word
iacorg-k4ww9,E0SDZ9N,iacorg-k4ww9_superuser@mailtest.co.uk,iacorg-iesp1_user194@mailtest.co.uk,Pass19word
iacorg-k4ww9,MGMZ1WF,iacorg-k4ww9_superuser@mailtest.co.uk,iacorg-iesp1_user195@mailtest.co.uk,Pass19word
iacorg-k4ww9,1PLN1KD,iacorg-k4ww9_superuser@mailtest.co.uk,iacorg-iesp1_user196@mailtest.co.uk,Pass19word
iacorg-k4ww9,8EZLDCC,iacorg-k4ww9_superuser@mailtest.co.uk,iacorg-iesp1_user197@mailtest.co.uk,Pass19word
iacorg-k4ww9,N0W7VKF,iacorg-k4ww9_superuser@mailtest.co.uk,iacorg-ievej_user250@mailtest.co.uk,Pass19word
iacorg-k7re0,84DFHED,iacorg-k7re0_superuser@mailtest.co.uk,iacorg-ievej_user251@mailtest.co.uk,Pass19word
iacorg-k7re0,MB2JXZP,iacorg-k7re0_superuser@mailtest.co.uk,iacorg-ievej_user252@mailtest.co.uk,Pass19word
iacorg-k7re0,TCA63LI,iacorg-k7re0_superuser@mailtest.co.uk,iacorg-ievej_user253@mailtest.co.uk,Pass19word
iacorg-k7re0,QS0E0SP,iacorg-k7re0_superuser@mailtest.co.uk,iacorg-ievej_user254@mailtest.co.uk,Pass19word
iacorg-k7re0,MOAFM38,iacorg-k7re0_superuser@mailtest.co.uk,iacorg-imipt_user336@mailtest.co.uk,Pass19word
iacorg-krc1n,GMHOG96,iacorg-krc1n_superuser@mailtest.co.uk,iacorg-imipt_user337@mailtest.co.uk,Pass19word
iacorg-krc1n,GPZ13S4,iacorg-krc1n_superuser@mailtest.co.uk,iacorg-imipt_user338@mailtest.co.uk,Pass19word
iacorg-krc1n,K62CJSV,iacorg-krc1n_superuser@mailtest.co.uk,iacorg-imipt_user339@mailtest.co.uk,Pass19word
iacorg-krc1n,2SM1XDU,iacorg-krc1n_superuser@mailtest.co.uk,iacorg-imipt_user340@mailtest.co.uk,Pass19word
iacorg-krc1n,GXE7P6R,iacorg-krc1n_superuser@mailtest.co.uk,iacorg-imipt_user341@mailtest.co.uk,Pass19word
iacorg-kuqyo,N7AL9FP,iacorg-kuqyo_superuser@mailtest.co.uk,iacorg-ipu7s_user311@mailtest.co.uk,Pass19word
iacorg-kuqyo,97RAESH,iacorg-kuqyo_superuser@mailtest.co.uk,iacorg-ipu7s_user312@mailtest.co.uk,Pass19word
iacorg-kuqyo,QVF9IL2,iacorg-kuqyo_superuser@mailtest.co.uk,iacorg-ipu7s_user313@mailtest.co.uk,Pass19word
iacorg-kuqyo,63DML07,iacorg-kuqyo_superuser@mailtest.co.uk,iacorg-ipu7s_user314@mailtest.co.uk,Pass19word
iacorg-kuqyo,Z2C4JZH,iacorg-kuqyo_superuser@mailtest.co.uk,iacorg-ipu7s_user315@mailtest.co.uk,Pass19word
iacorg-le473,64I46DI,iacorg-le473_superuser@mailtest.co.uk,iacorg-ipu7s_user316@mailtest.co.uk,Pass19word
iacorg-le473,8TP01FM,iacorg-le473_superuser@mailtest.co.uk,iacorg-ipu7s_user317@mailtest.co.uk,Pass19word
iacorg-le473,JU0U9WY,iacorg-le473_superuser@mailtest.co.uk,iacorg-is1aj_user258@mailtest.co.uk,Pass19word
iacorg-le473,1JQ1T15,iacorg-le473_superuser@mailtest.co.uk,iacorg-is1aj_user259@mailtest.co.uk,Pass19word
iacorg-le473,AT3UOMU,iacorg-le473_superuser@mailtest.co.uk,iacorg-is1aj_user260@mailtest.co.uk,Pass19word
iacorg-lf6kc,OGN08W1,iacorg-lf6kc_superuser@mailtest.co.uk,iacorg-is1aj_user261@mailtest.co.uk,Pass19word
iacorg-lf6kc,LJMU1AT,iacorg-lf6kc_superuser@mailtest.co.uk,iacorg-is1aj_user262@mailtest.co.uk,Pass19word
iacorg-lf6kc,05MTJNK,iacorg-lf6kc_superuser@mailtest.co.uk,iacorg-is1aj_user263@mailtest.co.uk,Pass19word
iacorg-lf6kc,VNIF250,iacorg-lf6kc_superuser@mailtest.co.uk,iacorg-is1aj_user264@mailtest.co.uk,Pass19word
iacorg-lf6kc,N3GVXT9,iacorg-lf6kc_superuser@mailtest.co.uk,iacorg-is1aj_user265@mailtest.co.uk,Pass19word
iacorg-lgjyx,CDTEAF9,iacorg-lgjyx_superuser@mailtest.co.uk,iacorg-j1l2r_user603@mailtest.co.uk,Pass19word
iacorg-lgjyx,QYUSBQ1,iacorg-lgjyx_superuser@mailtest.co.uk,iacorg-j1l2r_user604@mailtest.co.uk,Pass19word
iacorg-lgjyx,X8UWLI7,iacorg-lgjyx_superuser@mailtest.co.uk,iacorg-j1l2r_user605@mailtest.co.uk,Pass19word
iacorg-lgjyx,3VWUPC0,iacorg-lgjyx_superuser@mailtest.co.uk,iacorg-j1l2r_user606@mailtest.co.uk,Pass19word
iacorg-lgjyx,GTEN1Y0,iacorg-lgjyx_superuser@mailtest.co.uk,iacorg-j1l2r_user607@mailtest.co.uk,Pass19word
iacorg-lr1bn,P4W0CND,iacorg-lr1bn_superuser@mailtest.co.uk,iacorg-j2fps_user214@mailtest.co.uk,Pass19word
iacorg-lr1bn,E0SDZ9N,iacorg-lr1bn_superuser@mailtest.co.uk,iacorg-j2fps_user215@mailtest.co.uk,Pass19word
iacorg-lr1bn,Y2O2HBE,iacorg-lr1bn_superuser@mailtest.co.uk,iacorg-j2fps_user216@mailtest.co.uk,Pass19word
iacorg-lr1bn,WWK1EW8,iacorg-lr1bn_superuser@mailtest.co.uk,iacorg-j2fps_user217@mailtest.co.uk,Pass19word
iacorg-lr1bn,1PLN1KD,iacorg-lr1bn_superuser@mailtest.co.uk,iacorg-j7i59_user59@mailtest.co.uk,Pass19word
iacorg-m54fr,8EZLDCC,iacorg-m54fr_superuser@mailtest.co.uk,iacorg-j7i59_user60@mailtest.co.uk,Pass19word
iacorg-m54fr,VVQ4VA3,iacorg-m54fr_superuser@mailtest.co.uk,iacorg-j7i59_user61@mailtest.co.uk,Pass19word
iacorg-m54fr,N0W7VKF,iacorg-m54fr_superuser@mailtest.co.uk,iacorg-j7i59_user62@mailtest.co.uk,Pass19word
iacorg-m54fr,84DFHED,iacorg-m54fr_superuser@mailtest.co.uk,iacorg-j7i59_user63@mailtest.co.uk,Pass19word
iacorg-m54fr,MB2JXZP,iacorg-m54fr_superuser@mailtest.co.uk,iacorg-jc0ee_user83@mailtest.co.uk,Pass19word
iacorg-m8dps,TCA63LI,iacorg-m8dps_superuser@mailtest.co.uk,iacorg-jc0ee_user84@mailtest.co.uk,Pass19word
iacorg-m8dps,QS0E0SP,iacorg-m8dps_superuser@mailtest.co.uk,iacorg-jc0ee_user85@mailtest.co.uk,Pass19word
iacorg-m8dps,RFN8UZ9,iacorg-m8dps_superuser@mailtest.co.uk,iacorg-jc0ee_user86@mailtest.co.uk,Pass19word
iacorg-m8dps,GMHOG96,iacorg-m8dps_superuser@mailtest.co.uk,iacorg-jc0ee_user87@mailtest.co.uk,Pass19word
iacorg-m8dps,GPZ13S4,iacorg-m8dps_superuser@mailtest.co.uk,iacorg-jc0ee_user88@mailtest.co.uk,Pass19word
iacorg-mo6c0,65N7PG1,iacorg-mo6c0_superuser@mailtest.co.uk,iacorg-jc0ee_user89@mailtest.co.uk,Pass19word
iacorg-mo6c0,K62CJSV,iacorg-mo6c0_superuser@mailtest.co.uk,iacorg-jngj9_user198@mailtest.co.uk,Pass19word
iacorg-mo6c0,2SM1XDU,iacorg-mo6c0_superuser@mailtest.co.uk,iacorg-jngj9_user199@mailtest.co.uk,Pass19word
iacorg-mo6c0,GXE7P6R,iacorg-mo6c0_superuser@mailtest.co.uk,iacorg-jngj9_user200@mailtest.co.uk,Pass19word
iacorg-mo6c0,97RAESH,iacorg-mo6c0_superuser@mailtest.co.uk,iacorg-jngj9_user201@mailtest.co.uk,Pass19word
iacorg-mr6p4,QVF9IL2,iacorg-mr6p4_superuser@mailtest.co.uk,iacorg-jngj9_user202@mailtest.co.uk,Pass19word
iacorg-mr6p4,GJ4S9VQ,iacorg-mr6p4_superuser@mailtest.co.uk,iacorg-jpdfh_user74@mailtest.co.uk,Pass19word
iacorg-mr6p4,Z2C4JZH,iacorg-mr6p4_superuser@mailtest.co.uk,iacorg-jpdfh_user75@mailtest.co.uk,Pass19word
iacorg-mr6p4,64I46DI,iacorg-mr6p4_superuser@mailtest.co.uk,iacorg-jpdfh_user76@mailtest.co.uk,Pass19word
iacorg-mr6p4,8TP01FM,iacorg-mr6p4_superuser@mailtest.co.uk,iacorg-k4ww9_user554@mailtest.co.uk,Pass19word
iacorg-n099j,JU0U9WY,iacorg-n099j_superuser@mailtest.co.uk,iacorg-k4ww9_user555@mailtest.co.uk,Pass19word
iacorg-n099j,1JQ1T15,iacorg-n099j_superuser@mailtest.co.uk,iacorg-k7re0_user581@mailtest.co.uk,Pass19word
iacorg-n099j,OGN08W1,iacorg-n099j_superuser@mailtest.co.uk,iacorg-k7re0_user582@mailtest.co.uk,Pass19word
iacorg-n099j,487YF70,iacorg-n099j_superuser@mailtest.co.uk,iacorg-krc1n_user497@mailtest.co.uk,Pass19word
iacorg-n099j,LJMU1AT,iacorg-n099j_superuser@mailtest.co.uk,iacorg-krc1n_user498@mailtest.co.uk,Pass19word
iacorg-n115k,05MTJNK,iacorg-n115k_superuser@mailtest.co.uk,iacorg-krc1n_user499@mailtest.co.uk,Pass19word
iacorg-n115k,OHSKCX4,iacorg-n115k_superuser@mailtest.co.uk,iacorg-krc1n_user500@mailtest.co.uk,Pass19word
iacorg-n115k,VNIF250,iacorg-n115k_superuser@mailtest.co.uk,iacorg-krc1n_user501@mailtest.co.uk,Pass19word
iacorg-n115k,CDTEAF9,iacorg-n115k_superuser@mailtest.co.uk,iacorg-kuqyo_user556@mailtest.co.uk,Pass19word
iacorg-n115k,QYUSBQ1,iacorg-n115k_superuser@mailtest.co.uk,iacorg-kuqyo_user557@mailtest.co.uk,Pass19word
iacorg-n1x0e,X8UWLI7,iacorg-n1x0e_superuser@mailtest.co.uk,iacorg-kuqyo_user558@mailtest.co.uk,Pass19word
iacorg-n1x0e,3VWUPC0,iacorg-n1x0e_superuser@mailtest.co.uk,iacorg-kuqyo_user559@mailtest.co.uk,Pass19word
iacorg-n1x0e,P4W0CND,iacorg-n1x0e_superuser@mailtest.co.uk,iacorg-kuqyo_user560@mailtest.co.uk,Pass19word
iacorg-n1x0e,HEQX275,iacorg-n1x0e_superuser@mailtest.co.uk,iacorg-le473_user547@mailtest.co.uk,Pass19word
iacorg-n1x0e,Y2O2HBE,iacorg-n1x0e_superuser@mailtest.co.uk,iacorg-le473_user548@mailtest.co.uk,Pass19word
iacorg-n9k5z,41JJDF4,iacorg-n9k5z_superuser@mailtest.co.uk,iacorg-le473_user549@mailtest.co.uk,Pass19word
iacorg-n9k5z,WWK1EW8,iacorg-n9k5z_superuser@mailtest.co.uk,iacorg-le473_user550@mailtest.co.uk,Pass19word
iacorg-n9k5z,1PLN1KD,iacorg-n9k5z_superuser@mailtest.co.uk,iacorg-le473_user551@mailtest.co.uk,Pass19word
iacorg-n9k5z,8EZLDCC,iacorg-n9k5z_superuser@mailtest.co.uk,iacorg-le473_user552@mailtest.co.uk,Pass19word
iacorg-n9k5z,VVQ4VA3,iacorg-n9k5z_superuser@mailtest.co.uk,iacorg-le473_user553@mailtest.co.uk,Pass19word
iacorg-nj9j2,N0W7VKF,iacorg-nj9j2_superuser@mailtest.co.uk,iacorg-lf6kc_user169@mailtest.co.uk,Pass19word
iacorg-nj9j2,84DFHED,iacorg-nj9j2_superuser@mailtest.co.uk,iacorg-lgjyx_user330@mailtest.co.uk,Pass19word
iacorg-nj9j2,8WKRD62,iacorg-nj9j2_superuser@mailtest.co.uk,iacorg-lgjyx_user331@mailtest.co.uk,Pass19word
iacorg-nj9j2,TCA63LI,iacorg-nj9j2_superuser@mailtest.co.uk,iacorg-lgjyx_user332@mailtest.co.uk,Pass19word
iacorg-nj9j2,RFN8UZ9,iacorg-nj9j2_superuser@mailtest.co.uk,iacorg-lr1bn_user464@mailtest.co.uk,Pass19word
iacorg-nsvt0,GMHOG96,iacorg-nsvt0_superuser@mailtest.co.uk,iacorg-lr1bn_user465@mailtest.co.uk,Pass19word
iacorg-nsvt0,GPZ13S4,iacorg-nsvt0_superuser@mailtest.co.uk,iacorg-m54fr_user417@mailtest.co.uk,Pass19word
iacorg-nsvt0,65N7PG1,iacorg-nsvt0_superuser@mailtest.co.uk,iacorg-m54fr_user418@mailtest.co.uk,Pass19word
iacorg-nsvt0,2SM1XDU,iacorg-nsvt0_superuser@mailtest.co.uk,iacorg-m54fr_user419@mailtest.co.uk,Pass19word
iacorg-nsvt0,X6S7JG7,iacorg-nsvt0_superuser@mailtest.co.uk,iacorg-m54fr_user420@mailtest.co.uk,Pass19word
iacorg-o7hee,K62CJSV,iacorg-o7hee_superuser@mailtest.co.uk,iacorg-m54fr_user421@mailtest.co.uk,Pass19word
iacorg-o7hee,97RAESH,iacorg-o7hee_superuser@mailtest.co.uk,iacorg-m54fr_user422@mailtest.co.uk,Pass19word
iacorg-o7hee,N2UZM38,iacorg-o7hee_superuser@mailtest.co.uk,iacorg-m54fr_user423@mailtest.co.uk,Pass19word
iacorg-o7hee,QVF9IL2,iacorg-o7hee_superuser@mailtest.co.uk,iacorg-m54fr_user424@mailtest.co.uk,Pass19word
iacorg-o7hee,GJ4S9VQ,iacorg-o7hee_superuser@mailtest.co.uk,iacorg-m8dps_user228@mailtest.co.uk,Pass19word
iacorg-ogavb,Z2C4JZH,iacorg-ogavb_superuser@mailtest.co.uk,iacorg-m8dps_user229@mailtest.co.uk,Pass19word
iacorg-ogavb,6BXUYS8,iacorg-ogavb_superuser@mailtest.co.uk,iacorg-m8dps_user230@mailtest.co.uk,Pass19word
iacorg-ogavb,8TP01FM,iacorg-ogavb_superuser@mailtest.co.uk,iacorg-m8dps_user231@mailtest.co.uk,Pass19word
iacorg-ogavb,JU0U9WY,iacorg-ogavb_superuser@mailtest.co.uk,iacorg-m8dps_user232@mailtest.co.uk,Pass19word
iacorg-ogavb,OGN08W1,iacorg-ogavb_superuser@mailtest.co.uk,iacorg-m8dps_user233@mailtest.co.uk,Pass19word
iacorg-ohymy,487YF70,iacorg-ohymy_superuser@mailtest.co.uk,iacorg-mo6c0_user324@mailtest.co.uk,Pass19word
iacorg-ohymy,UUY5M6V,iacorg-ohymy_superuser@mailtest.co.uk,iacorg-mo6c0_user325@mailtest.co.uk,Pass19word
iacorg-ohymy,LJMU1AT,iacorg-ohymy_superuser@mailtest.co.uk,iacorg-mo6c0_user326@mailtest.co.uk,Pass19word
iacorg-ohymy,05MTJNK,iacorg-ohymy_superuser@mailtest.co.uk,iacorg-mo6c0_user327@mailtest.co.uk,Pass19word
iacorg-ohymy,OHSKCX4,iacorg-ohymy_superuser@mailtest.co.uk,iacorg-mo6c0_user328@mailtest.co.uk,Pass19word
iacorg-orjlk,CDTEAF9,iacorg-orjlk_superuser@mailtest.co.uk,iacorg-mo6c0_user329@mailtest.co.uk,Pass19word
iacorg-orjlk,6TYZ36Y,iacorg-orjlk_superuser@mailtest.co.uk,iacorg-mr6p4_user113@mailtest.co.uk,Pass19word
iacorg-orjlk,QYUSBQ1,iacorg-orjlk_superuser@mailtest.co.uk,iacorg-n099j_user109@mailtest.co.uk,Pass19word
iacorg-orjlk,3VWUPC0,iacorg-orjlk_superuser@mailtest.co.uk,iacorg-n099j_user110@mailtest.co.uk,Pass19word
iacorg-orjlk,P4W0CND,iacorg-orjlk_superuser@mailtest.co.uk,iacorg-n099j_user111@mailtest.co.uk,Pass19word
iacorg-p8iob,B9OPCO5,iacorg-p8iob_superuser@mailtest.co.uk,iacorg-n099j_user112@mailtest.co.uk,Pass19word
iacorg-p8iob,HEQX275,iacorg-p8iob_superuser@mailtest.co.uk,iacorg-n115k_user388@mailtest.co.uk,Pass19word
iacorg-p8iob,WWK1EW8,iacorg-p8iob_superuser@mailtest.co.uk,iacorg-n115k_user389@mailtest.co.uk,Pass19word
iacorg-p8iob,41JJDF4,iacorg-p8iob_superuser@mailtest.co.uk,iacorg-n115k_user390@mailtest.co.uk,Pass19word
iacorg-p8iob,Y2O2HBE,iacorg-p8iob_superuser@mailtest.co.uk,iacorg-n115k_user391@mailtest.co.uk,Pass19word
iacorg-paiyq,8EZLDCC,iacorg-paiyq_superuser@mailtest.co.uk,iacorg-n115k_user392@mailtest.co.uk,Pass19word
iacorg-paiyq,VVQ4VA3,iacorg-paiyq_superuser@mailtest.co.uk,iacorg-n115k_user393@mailtest.co.uk,Pass19word
iacorg-paiyq,H45Z7II,iacorg-paiyq_superuser@mailtest.co.uk,iacorg-n115k_user394@mailtest.co.uk,Pass19word
iacorg-paiyq,N0W7VKF,iacorg-paiyq_superuser@mailtest.co.uk,iacorg-n1x0e_user448@mailtest.co.uk,Pass19word
iacorg-paiyq,84DFHED,iacorg-paiyq_superuser@mailtest.co.uk,iacorg-n1x0e_user449@mailtest.co.uk,Pass19word
iacorg-py42v,8WKRD62,iacorg-py42v_superuser@mailtest.co.uk,iacorg-n1x0e_user450@mailtest.co.uk,Pass19word
iacorg-py42v,RFN8UZ9,iacorg-py42v_superuser@mailtest.co.uk,iacorg-n1x0e_user451@mailtest.co.uk,Pass19word
iacorg-py42v,OY5S6JG,iacorg-py42v_superuser@mailtest.co.uk,iacorg-n1x0e_user452@mailtest.co.uk,Pass19word
iacorg-py42v,GPZ13S4,iacorg-py42v_superuser@mailtest.co.uk,iacorg-n1x0e_user453@mailtest.co.uk,Pass19word
iacorg-py42v,GMHOG96,iacorg-py42v_superuser@mailtest.co.uk,iacorg-n1x0e_user454@mailtest.co.uk,Pass19word
iacorg-q1lmx,65N7PG1,iacorg-q1lmx_superuser@mailtest.co.uk,iacorg-n9k5z_user11@mailtest.co.uk,Pass19word
iacorg-q1lmx,X6S7JG7,iacorg-q1lmx_superuser@mailtest.co.uk,iacorg-nj9j2_user540@mailtest.co.uk,Pass19word
iacorg-q1lmx,6SRMK2X,iacorg-q1lmx_superuser@mailtest.co.uk,iacorg-nj9j2_user541@mailtest.co.uk,Pass19word
iacorg-q1lmx,K62CJSV,iacorg-q1lmx_superuser@mailtest.co.uk,iacorg-nj9j2_user542@mailtest.co.uk,Pass19word
iacorg-q1lmx,97RAESH,iacorg-q1lmx_superuser@mailtest.co.uk,iacorg-nj9j2_user543@mailtest.co.uk,Pass19word
iacorg-r1fxc,LSPAU9E,iacorg-r1fxc_superuser@mailtest.co.uk,iacorg-nsvt0_user27@mailtest.co.uk,Pass19word
iacorg-r1fxc,N2UZM38,iacorg-r1fxc_superuser@mailtest.co.uk,iacorg-nsvt0_user28@mailtest.co.uk,Pass19word
iacorg-r1fxc,GJ4S9VQ,iacorg-r1fxc_superuser@mailtest.co.uk,iacorg-nsvt0_user29@mailtest.co.uk,Pass19word
iacorg-r1fxc,6BXUYS8,iacorg-r1fxc_superuser@mailtest.co.uk,iacorg-o7hee_user544@mailtest.co.uk,Pass19word
iacorg-r1fxc,8TP01FM,iacorg-r1fxc_superuser@mailtest.co.uk,iacorg-o7hee_user545@mailtest.co.uk,Pass19word
iacorg-reisn,JU0U9WY,iacorg-reisn_superuser@mailtest.co.uk,iacorg-o7hee_user546@mailtest.co.uk,Pass19word
iacorg-reisn,864O2HI,iacorg-reisn_superuser@mailtest.co.uk,iacorg-ogavb_user568@mailtest.co.uk,Pass19word
iacorg-reisn,487YF70,iacorg-reisn_superuser@mailtest.co.uk,iacorg-ogavb_user569@mailtest.co.uk,Pass19word
iacorg-reisn,UUY5M6V,iacorg-reisn_superuser@mailtest.co.uk,iacorg-ogavb_user570@mailtest.co.uk,Pass19word
iacorg-reisn,LJMU1AT,iacorg-reisn_superuser@mailtest.co.uk,iacorg-ogavb_user571@mailtest.co.uk,Pass19word
iacorg-rugbr,05MTJNK,iacorg-rugbr_superuser@mailtest.co.uk,iacorg-ogavb_user572@mailtest.co.uk,Pass19word
iacorg-rugbr,OHSKCX4,iacorg-rugbr_superuser@mailtest.co.uk,iacorg-ohymy_user489@mailtest.co.uk,Pass19word
iacorg-rugbr,CEJ97NV,iacorg-rugbr_superuser@mailtest.co.uk,iacorg-ohymy_user490@mailtest.co.uk,Pass19word
iacorg-rugbr,CDTEAF9,iacorg-rugbr_superuser@mailtest.co.uk,iacorg-ohymy_user491@mailtest.co.uk,Pass19word
iacorg-rugbr,6TYZ36Y,iacorg-rugbr_superuser@mailtest.co.uk,iacorg-orjlk_user586@mailtest.co.uk,Pass19word
iacorg-sarx6,3VWUPC0,iacorg-sarx6_superuser@mailtest.co.uk,iacorg-orjlk_user587@mailtest.co.uk,Pass19word
iacorg-sarx6,QYUSBQ1,iacorg-sarx6_superuser@mailtest.co.uk,iacorg-orjlk_user588@mailtest.co.uk,Pass19word
iacorg-sarx6,B9OPCO5,iacorg-sarx6_superuser@mailtest.co.uk,iacorg-orjlk_user589@mailtest.co.uk,Pass19word
iacorg-sarx6,HEQX275,iacorg-sarx6_superuser@mailtest.co.uk,iacorg-orjlk_user590@mailtest.co.uk,Pass19word
iacorg-sarx6,L1KB3CW,iacorg-sarx6_superuser@mailtest.co.uk,iacorg-orjlk_user591@mailtest.co.uk,Pass19word
iacorg-spmre,WWK1EW8,iacorg-spmre_superuser@mailtest.co.uk,iacorg-orjlk_user592@mailtest.co.uk,Pass19word
iacorg-spmre,41JJDF4,iacorg-spmre_superuser@mailtest.co.uk,iacorg-orjlk_user593@mailtest.co.uk,Pass19word
iacorg-spmre,8EZLDCC,iacorg-spmre_superuser@mailtest.co.uk,iacorg-orjlk_user594@mailtest.co.uk,Pass19word
iacorg-spmre,VVQ4VA3,iacorg-spmre_superuser@mailtest.co.uk,iacorg-p8iob_user492@mailtest.co.uk,Pass19word
iacorg-spmre,PYWSE1P,iacorg-spmre_superuser@mailtest.co.uk,iacorg-p8iob_user493@mailtest.co.uk,Pass19word
iacorg-svo5b,H45Z7II,iacorg-svo5b_superuser@mailtest.co.uk,iacorg-p8iob_user494@mailtest.co.uk,Pass19word
iacorg-svo5b,N0W7VKF,iacorg-svo5b_superuser@mailtest.co.uk,iacorg-p8iob_user495@mailtest.co.uk,Pass19word
iacorg-svo5b,6ICO3QJ,iacorg-svo5b_superuser@mailtest.co.uk,iacorg-p8iob_user496@mailtest.co.uk,Pass19word
iacorg-svo5b,8WKRD62,iacorg-svo5b_superuser@mailtest.co.uk,iacorg-paiyq_user164@mailtest.co.uk,Pass19word
iacorg-svo5b,RFN8UZ9,iacorg-svo5b_superuser@mailtest.co.uk,iacorg-paiyq_user165@mailtest.co.uk,Pass19word
iacorg-sy4j1,OY5S6JG,iacorg-sy4j1_superuser@mailtest.co.uk,iacorg-paiyq_user166@mailtest.co.uk,Pass19word
iacorg-sy4j1,GPZ13S4,iacorg-sy4j1_superuser@mailtest.co.uk,iacorg-paiyq_user167@mailtest.co.uk,Pass19word
iacorg-sy4j1,65N7PG1,iacorg-sy4j1_superuser@mailtest.co.uk,iacorg-paiyq_user168@mailtest.co.uk,Pass19word
iacorg-sy4j1,N28ZLH0,iacorg-sy4j1_superuser@mailtest.co.uk,iacorg-py42v_user8@mailtest.co.uk,Pass19word
iacorg-sy4j1,X6S7JG7,iacorg-sy4j1_superuser@mailtest.co.uk,iacorg-q1lmx_user480@mailtest.co.uk,Pass19word
iacorg-tf3v6,6SRMK2X,iacorg-tf3v6_superuser@mailtest.co.uk,iacorg-q1lmx_user481@mailtest.co.uk,Pass19word
iacorg-tf3v6,8LZDLX1,iacorg-tf3v6_superuser@mailtest.co.uk,iacorg-q1lmx_user482@mailtest.co.uk,Pass19word
iacorg-tf3v6,97RAESH,iacorg-tf3v6_superuser@mailtest.co.uk,iacorg-q1lmx_user483@mailtest.co.uk,Pass19word
iacorg-tf3v6,LSPAU9E,iacorg-tf3v6_superuser@mailtest.co.uk,iacorg-reisn_user36@mailtest.co.uk,Pass19word
iacorg-tf3v6,N2UZM38,iacorg-tf3v6_superuser@mailtest.co.uk,iacorg-rugbr_user304@mailtest.co.uk,Pass19word
iacorg-tk8ib,86HJH20,iacorg-tk8ib_superuser@mailtest.co.uk,iacorg-rugbr_user305@mailtest.co.uk,Pass19word
iacorg-tk8ib,GJ4S9VQ,iacorg-tk8ib_superuser@mailtest.co.uk,iacorg-rugbr_user306@mailtest.co.uk,Pass19word
iacorg-tk8ib,6BXUYS8,iacorg-tk8ib_superuser@mailtest.co.uk,iacorg-rugbr_user307@mailtest.co.uk,Pass19word
iacorg-tk8ib,8TP01FM,iacorg-tk8ib_superuser@mailtest.co.uk,iacorg-rugbr_user308@mailtest.co.uk,Pass19word
iacorg-tk8ib,864O2HI,iacorg-tk8ib_superuser@mailtest.co.uk,iacorg-sarx6_user48@mailtest.co.uk,Pass19word
iacorg-tpfnx,UPNUZ62,iacorg-tpfnx_superuser@mailtest.co.uk,iacorg-sarx6_user49@mailtest.co.uk,Pass19word
iacorg-tpfnx,487YF70,iacorg-tpfnx_superuser@mailtest.co.uk,iacorg-sarx6_user50@mailtest.co.uk,Pass19word
iacorg-tpfnx,UUY5M6V,iacorg-tpfnx_superuser@mailtest.co.uk,iacorg-spmre_user142@mailtest.co.uk,Pass19word
iacorg-tpfnx,05MTJNK,iacorg-tpfnx_superuser@mailtest.co.uk,iacorg-spmre_user143@mailtest.co.uk,Pass19word
iacorg-tpfnx,OHSKCX4,iacorg-tpfnx_superuser@mailtest.co.uk,iacorg-spmre_user144@mailtest.co.uk,Pass19word
iacorg-tpybr,CEJ97NV,iacorg-tpybr_superuser@mailtest.co.uk,iacorg-spmre_user145@mailtest.co.uk,Pass19word
iacorg-tpybr,6TYZ36Y,iacorg-tpybr_superuser@mailtest.co.uk,iacorg-spmre_user146@mailtest.co.uk,Pass19word
iacorg-tpybr,QYUSBQ1,iacorg-tpybr_superuser@mailtest.co.uk,iacorg-spmre_user147@mailtest.co.uk,Pass19word
iacorg-tpybr,D5YRDG0,iacorg-tpybr_superuser@mailtest.co.uk,iacorg-svo5b_user502@mailtest.co.uk,Pass19word
iacorg-tpybr,B9OPCO5,iacorg-tpybr_superuser@mailtest.co.uk,iacorg-svo5b_user503@mailtest.co.uk,Pass19word
iacorg-tvryt,HEQX275,iacorg-tvryt_superuser@mailtest.co.uk,iacorg-svo5b_user504@mailtest.co.uk,Pass19word
iacorg-tvryt,L1KB3CW,iacorg-tvryt_superuser@mailtest.co.uk,iacorg-svo5b_user505@mailtest.co.uk,Pass19word
iacorg-tvryt,UHOL10J,iacorg-tvryt_superuser@mailtest.co.uk,iacorg-svo5b_user506@mailtest.co.uk,Pass19word
iacorg-tvryt,WWK1EW8,iacorg-tvryt_superuser@mailtest.co.uk,iacorg-svo5b_user507@mailtest.co.uk,Pass19word
iacorg-tvryt,41JJDF4,iacorg-tvryt_superuser@mailtest.co.uk,iacorg-svo5b_user508@mailtest.co.uk,Pass19word
iacorg-txqmo,VVQ4VA3,iacorg-txqmo_superuser@mailtest.co.uk,iacorg-svo5b_user509@mailtest.co.uk,Pass19word
iacorg-txqmo,OHS3L84,iacorg-txqmo_superuser@mailtest.co.uk,iacorg-sy4j1_user45@mailtest.co.uk,Pass19word
iacorg-txqmo,PYWSE1P,iacorg-txqmo_superuser@mailtest.co.uk,iacorg-sy4j1_user46@mailtest.co.uk,Pass19word
iacorg-txqmo,H45Z7II,iacorg-txqmo_superuser@mailtest.co.uk,iacorg-sy4j1_user47@mailtest.co.uk,Pass19word
iacorg-txqmo,FFTJ2KA,iacorg-txqmo_superuser@mailtest.co.uk,iacorg-tf3v6_user425@mailtest.co.uk,Pass19word
iacorg-uuext,6ICO3QJ,iacorg-uuext_superuser@mailtest.co.uk,iacorg-tf3v6_user426@mailtest.co.uk,Pass19word
iacorg-uuext,8WKRD62,iacorg-uuext_superuser@mailtest.co.uk,iacorg-tf3v6_user427@mailtest.co.uk,Pass19word
iacorg-uuext,RFN8UZ9,iacorg-uuext_superuser@mailtest.co.uk,iacorg-tf3v6_user428@mailtest.co.uk,Pass19word
iacorg-uuext,OY5S6JG,iacorg-uuext_superuser@mailtest.co.uk,iacorg-tf3v6_user429@mailtest.co.uk,Pass19word
iacorg-uuext,65N7PG1,iacorg-uuext_superuser@mailtest.co.uk,iacorg-tpfnx_user274@mailtest.co.uk,Pass19word
iacorg-vao8m,N28ZLH0,iacorg-vao8m_superuser@mailtest.co.uk,iacorg-tpfnx_user275@mailtest.co.uk,Pass19word
iacorg-vao8m,6SRMK2X,iacorg-vao8m_superuser@mailtest.co.uk,iacorg-tpfnx_user276@mailtest.co.uk,Pass19word
iacorg-vao8m,X6S7JG7,iacorg-vao8m_superuser@mailtest.co.uk,iacorg-tpfnx_user277@mailtest.co.uk,Pass19word
iacorg-vao8m,8LZDLX1,iacorg-vao8m_superuser@mailtest.co.uk,iacorg-tpybr_user30@mailtest.co.uk,Pass19word
iacorg-vao8m,X0G0JLA,iacorg-vao8m_superuser@mailtest.co.uk,iacorg-tpybr_user31@mailtest.co.uk,Pass19word
iacorg-vntts,LSPAU9E,iacorg-vntts_superuser@mailtest.co.uk,iacorg-tpybr_user32@mailtest.co.uk,Pass19word
iacorg-vntts,N2UZM38,iacorg-vntts_superuser@mailtest.co.uk,iacorg-tpybr_user33@mailtest.co.uk,Pass19word
iacorg-vntts,86HJH20,iacorg-vntts_superuser@mailtest.co.uk,iacorg-tpybr_user34@mailtest.co.uk,Pass19word
iacorg-vntts,GJ4S9VQ,iacorg-vntts_superuser@mailtest.co.uk,iacorg-tpybr_user35@mailtest.co.uk,Pass19word
iacorg-vntts,6BXUYS8,iacorg-vntts_superuser@mailtest.co.uk,iacorg-tvryt_user12@mailtest.co.uk,Pass19word
iacorg-vwcz6,864O2HI,iacorg-vwcz6_superuser@mailtest.co.uk,iacorg-txqmo_user408@mailtest.co.uk,Pass19word
iacorg-vwcz6,3TTPGYM,iacorg-vwcz6_superuser@mailtest.co.uk,iacorg-txqmo_user409@mailtest.co.uk,Pass19word
iacorg-vwcz6,0HXTMFE,iacorg-vwcz6_superuser@mailtest.co.uk,iacorg-txqmo_user410@mailtest.co.uk,Pass19word
iacorg-vwcz6,UPNUZ62,iacorg-vwcz6_superuser@mailtest.co.uk,iacorg-txqmo_user411@mailtest.co.uk,Pass19word
iacorg-vwcz6,487YF70,iacorg-vwcz6_superuser@mailtest.co.uk,iacorg-txqmo_user412@mailtest.co.uk,Pass19word
iacorg-vxdpo,UUY5M6V,iacorg-vxdpo_superuser@mailtest.co.uk,iacorg-uuext_user634@mailtest.co.uk,Pass19word
iacorg-vxdpo,IUS14Z0,iacorg-vxdpo_superuser@mailtest.co.uk,iacorg-vao8m_user349@mailtest.co.uk,Pass19word
iacorg-vxdpo,OHSKCX4,iacorg-vxdpo_superuser@mailtest.co.uk,iacorg-vao8m_user350@mailtest.co.uk,Pass19word
iacorg-vxdpo,CEJ97NV,iacorg-vxdpo_superuser@mailtest.co.uk,iacorg-vao8m_user351@mailtest.co.uk,Pass19word
iacorg-vxdpo,6TYZ36Y,iacorg-vxdpo_superuser@mailtest.co.uk,iacorg-vao8m_user352@mailtest.co.uk,Pass19word
iacorg-vzwew,D5YRDG0,iacorg-vzwew_superuser@mailtest.co.uk,iacorg-vao8m_user353@mailtest.co.uk,Pass19word
iacorg-vzwew,VDQ7FW9,iacorg-vzwew_superuser@mailtest.co.uk,iacorg-vao8m_user354@mailtest.co.uk,Pass19word
iacorg-vzwew,B9OPCO5,iacorg-vzwew_superuser@mailtest.co.uk,iacorg-vntts_user39@mailtest.co.uk,Pass19word
iacorg-vzwew,HEQX275,iacorg-vzwew_superuser@mailtest.co.uk,iacorg-vntts_user40@mailtest.co.uk,Pass19word
iacorg-vzwew,L1KB3CW,iacorg-vzwew_superuser@mailtest.co.uk,iacorg-vntts_user41@mailtest.co.uk,Pass19word
iacorg-w3die,UHOL10J,iacorg-w3die_superuser@mailtest.co.uk,iacorg-vntts_user42@mailtest.co.uk,Pass19word
iacorg-w3die,41JJDF4,iacorg-w3die_superuser@mailtest.co.uk,iacorg-vwcz6_user255@mailtest.co.uk,Pass19word
iacorg-w3die,HRLQ9LJ,iacorg-w3die_superuser@mailtest.co.uk,iacorg-vwcz6_user256@mailtest.co.uk,Pass19word
iacorg-w3die,PYWSE1P,iacorg-w3die_superuser@mailtest.co.uk,iacorg-vwcz6_user257@mailtest.co.uk,Pass19word
iacorg-w3die,H45Z7II,iacorg-w3die_superuser@mailtest.co.uk,iacorg-vxdpo_user223@mailtest.co.uk,Pass19word
iacorg-w9qhc,OHS3L84,iacorg-w9qhc_superuser@mailtest.co.uk,iacorg-vxdpo_user224@mailtest.co.uk,Pass19word
iacorg-w9qhc,FFTJ2KA,iacorg-w9qhc_superuser@mailtest.co.uk,iacorg-vxdpo_user225@mailtest.co.uk,Pass19word
iacorg-w9qhc,6ICO3QJ,iacorg-w9qhc_superuser@mailtest.co.uk,iacorg-vxdpo_user226@mailtest.co.uk,Pass19word
iacorg-w9qhc,L2PE1Z7,iacorg-w9qhc_superuser@mailtest.co.uk,iacorg-vxdpo_user227@mailtest.co.uk,Pass19word
iacorg-w9qhc,8WKRD62,iacorg-w9qhc_superuser@mailtest.co.uk,iacorg-w3die_user51@mailtest.co.uk,Pass19word
iacorg-wbkq1,OY5S6JG,iacorg-wbkq1_superuser@mailtest.co.uk,iacorg-w3die_user52@mailtest.co.uk,Pass19word
iacorg-wbkq1,6P663RS,iacorg-wbkq1_superuser@mailtest.co.uk,iacorg-w3die_user53@mailtest.co.uk,Pass19word
iacorg-wbkq1,N28ZLH0,iacorg-wbkq1_superuser@mailtest.co.uk,iacorg-w3die_user54@mailtest.co.uk,Pass19word
iacorg-wbkq1,6SRMK2X,iacorg-wbkq1_superuser@mailtest.co.uk,iacorg-w3die_user55@mailtest.co.uk,Pass19word
iacorg-wbkq1,X6S7JG7,iacorg-wbkq1_superuser@mailtest.co.uk,iacorg-w9qhc_user207@mailtest.co.uk,Pass19word
iacorg-wgmfk,8LZDLX1,iacorg-wgmfk_superuser@mailtest.co.uk,iacorg-w9qhc_user208@mailtest.co.uk,Pass19word
iacorg-wgmfk,X0G0JLA,iacorg-wgmfk_superuser@mailtest.co.uk,iacorg-w9qhc_user209@mailtest.co.uk,Pass19word
iacorg-wgmfk,ORSX36S,iacorg-wgmfk_superuser@mailtest.co.uk,iacorg-w9qhc_user210@mailtest.co.uk,Pass19word
iacorg-wgmfk,LSPAU9E,iacorg-wgmfk_superuser@mailtest.co.uk,iacorg-w9qhc_user211@mailtest.co.uk,Pass19word
iacorg-wgmfk,N2UZM38,iacorg-wgmfk_superuser@mailtest.co.uk,iacorg-w9qhc_user212@mailtest.co.uk,Pass19word
iacorg-womtb,86HJH20,iacorg-womtb_superuser@mailtest.co.uk,iacorg-w9qhc_user213@mailtest.co.uk,Pass19word
iacorg-womtb,6BXUYS8,iacorg-womtb_superuser@mailtest.co.uk,iacorg-wbkq1_user583@mailtest.co.uk,Pass19word
iacorg-womtb,UI1QRGY,iacorg-womtb_superuser@mailtest.co.uk,iacorg-wbkq1_user584@mailtest.co.uk,Pass19word
iacorg-womtb,864O2HI,iacorg-womtb_superuser@mailtest.co.uk,iacorg-wbkq1_user585@mailtest.co.uk,Pass19word
iacorg-womtb,3TTPGYM,iacorg-womtb_superuser@mailtest.co.uk,iacorg-wgmfk_user620@mailtest.co.uk,Pass19word
iacorg-wwr79,0HXTMFE,iacorg-wwr79_superuser@mailtest.co.uk,iacorg-wgmfk_user621@mailtest.co.uk,Pass19word
iacorg-wwr79,UPNUZ62,iacorg-wwr79_superuser@mailtest.co.uk,iacorg-wgmfk_user622@mailtest.co.uk,Pass19word
iacorg-wwr79,UUY5M6V,iacorg-wwr79_superuser@mailtest.co.uk,iacorg-wgmfk_user623@mailtest.co.uk,Pass19word
iacorg-wwr79,QPGLT0L,iacorg-wwr79_superuser@mailtest.co.uk,iacorg-wgmfk_user624@mailtest.co.uk,Pass19word
iacorg-wwr79,IUS14Z0,iacorg-wwr79_superuser@mailtest.co.uk,iacorg-wgmfk_user625@mailtest.co.uk,Pass19word
iacorg-wxvhf,EP8PH7X,iacorg-wxvhf_superuser@mailtest.co.uk,iacorg-womtb_user23@mailtest.co.uk,Pass19word
iacorg-wxvhf,CEJ97NV,iacorg-wxvhf_superuser@mailtest.co.uk,iacorg-womtb_user24@mailtest.co.uk,Pass19word
iacorg-wxvhf,6TYZ36Y,iacorg-wxvhf_superuser@mailtest.co.uk,iacorg-womtb_user25@mailtest.co.uk,Pass19word
iacorg-wxvhf,D5YRDG0,iacorg-wxvhf_superuser@mailtest.co.uk,iacorg-womtb_user26@mailtest.co.uk,Pass19word
iacorg-wxvhf,VDQ7FW9,iacorg-wxvhf_superuser@mailtest.co.uk,iacorg-wxvhf_user291@mailtest.co.uk,Pass19word
iacorg-xbknw,B9OPCO5,iacorg-xbknw_superuser@mailtest.co.uk,iacorg-wxvhf_user292@mailtest.co.uk,Pass19word
iacorg-xbknw,APGPS1H,iacorg-xbknw_superuser@mailtest.co.uk,iacorg-wxvhf_user293@mailtest.co.uk,Pass19word
iacorg-xbknw,L1KB3CW,iacorg-xbknw_superuser@mailtest.co.uk,iacorg-wxvhf_user294@mailtest.co.uk,Pass19word
iacorg-xbknw,UHOL10J,iacorg-xbknw_superuser@mailtest.co.uk,iacorg-wxvhf_user295@mailtest.co.uk,Pass19word
iacorg-xbknw,HRLQ9LJ,iacorg-xbknw_superuser@mailtest.co.uk,iacorg-wxvhf_user296@mailtest.co.uk,Pass19word
iacorg-xf9pe,H45Z7II,iacorg-xf9pe_superuser@mailtest.co.uk,iacorg-wxvhf_user297@mailtest.co.uk,Pass19word
iacorg-xf9pe,PYWSE1P,iacorg-xf9pe_superuser@mailtest.co.uk,iacorg-wxvhf_user298@mailtest.co.uk,Pass19word
iacorg-xf9pe,OHS3L84,iacorg-xf9pe_superuser@mailtest.co.uk,iacorg-xf9pe_user13@mailtest.co.uk,Pass19word
iacorg-xf9pe,FFTJ2KA,iacorg-xf9pe_superuser@mailtest.co.uk,iacorg-xf9pe_user14@mailtest.co.uk,Pass19word
iacorg-xf9pe,6ICO3QJ,iacorg-xf9pe_superuser@mailtest.co.uk,iacorg-xf9pe_user15@mailtest.co.uk,Pass19word
iacorg-xucm6,L2PE1Z7,iacorg-xucm6_superuser@mailtest.co.uk,iacorg-xf9pe_user16@mailtest.co.uk,Pass19word
iacorg-xucm6,OY5S6JG,iacorg-xucm6_superuser@mailtest.co.uk,iacorg-xucm6_user395@mailtest.co.uk,Pass19word
iacorg-xucm6,6P663RS,iacorg-xucm6_superuser@mailtest.co.uk,iacorg-xvvkv_user518@mailtest.co.uk,Pass19word
iacorg-xucm6,6SRMK2X,iacorg-xucm6_superuser@mailtest.co.uk,iacorg-xvvkv_user519@mailtest.co.uk,Pass19word
iacorg-xucm6,N28ZLH0,iacorg-xucm6_superuser@mailtest.co.uk,iacorg-xvvkv_user520@mailtest.co.uk,Pass19word
iacorg-xvvkv,8LZDLX1,iacorg-xvvkv_superuser@mailtest.co.uk,iacorg-xwrbz_user90@mailtest.co.uk,Pass19word
iacorg-xvvkv,X0G0JLA,iacorg-xvvkv_superuser@mailtest.co.uk,iacorg-xwrbz_user91@mailtest.co.uk,Pass19word
iacorg-xvvkv,ORSX36S,iacorg-xvvkv_superuser@mailtest.co.uk,iacorg-xwrbz_user92@mailtest.co.uk,Pass19word
iacorg-xvvkv,LSPAU9E,iacorg-xvvkv_superuser@mailtest.co.uk,iacorg-xwrbz_user93@mailtest.co.uk,Pass19word
iacorg-xvvkv,86HJH20,iacorg-xvvkv_superuser@mailtest.co.uk,iacorg-xwrbz_user94@mailtest.co.uk,Pass19word
iacorg-xwrbz,UI1QRGY,iacorg-xwrbz_superuser@mailtest.co.uk,iacorg-xwrbz_user95@mailtest.co.uk,Pass19word
iacorg-xwrbz,864O2HI,iacorg-xwrbz_superuser@mailtest.co.uk,iacorg-xwrbz_user96@mailtest.co.uk,Pass19word
iacorg-xwrbz,0HXTMFE,iacorg-xwrbz_superuser@mailtest.co.uk,iacorg-xwrbz_user97@mailtest.co.uk,Pass19word
iacorg-xwrbz,3TTPGYM,iacorg-xwrbz_superuser@mailtest.co.uk,iacorg-xwrbz_user98@mailtest.co.uk,Pass19word
iacorg-xwrbz,UPNUZ62,iacorg-xwrbz_superuser@mailtest.co.uk,iacorg-y7j2q_user626@mailtest.co.uk,Pass19word
iacorg-y7j2q,QPGLT0L,iacorg-y7j2q_superuser@mailtest.co.uk,iacorg-y7j2q_user627@mailtest.co.uk,Pass19word
iacorg-y7j2q,IUS14Z0,iacorg-y7j2q_superuser@mailtest.co.uk,iacorg-y7j2q_user628@mailtest.co.uk,Pass19word
iacorg-y7j2q,EP8PH7X,iacorg-y7j2q_superuser@mailtest.co.uk,iacorg-y7j2q_user629@mailtest.co.uk,Pass19word
iacorg-y7j2q,CEJ97NV,iacorg-y7j2q_superuser@mailtest.co.uk,iacorg-y7j2q_user630@mailtest.co.uk,Pass19word
iacorg-y7j2q,D5YRDG0,iacorg-y7j2q_superuser@mailtest.co.uk,iacorg-y7j2q_user631@mailtest.co.uk,Pass19word
iacorg-yly7f,VDQ7FW9,iacorg-yly7f_superuser@mailtest.co.uk,iacorg-y7j2q_user632@mailtest.co.uk,Pass19word
iacorg-yly7f,APGPS1H,iacorg-yly7f_superuser@mailtest.co.uk,iacorg-y7j2q_user633@mailtest.co.uk,Pass19word
iacorg-yly7f,L1KB3CW,iacorg-yly7f_superuser@mailtest.co.uk,iacorg-yly7f_user375@mailtest.co.uk,Pass19word
iacorg-yly7f,UHOL10J,iacorg-yly7f_superuser@mailtest.co.uk,iacorg-yly7f_user376@mailtest.co.uk,Pass19word
iacorg-yly7f,HRLQ9LJ,iacorg-yly7f_superuser@mailtest.co.uk,iacorg-yly7f_user377@mailtest.co.uk,Pass19word
iacorg-ytuj9,PYWSE1P,iacorg-ytuj9_superuser@mailtest.co.uk,iacorg-yly7f_user378@mailtest.co.uk,Pass19word
iacorg-ytuj9,OHS3L84,iacorg-ytuj9_superuser@mailtest.co.uk,iacorg-yly7f_user379@mailtest.co.uk,Pass19word
iacorg-ytuj9,6ICO3QJ,iacorg-ytuj9_superuser@mailtest.co.uk,iacorg-ytuj9_user561@mailtest.co.uk,Pass19word
iacorg-ytuj9,FFTJ2KA,iacorg-ytuj9_superuser@mailtest.co.uk,iacorg-ytuj9_user562@mailtest.co.uk,Pass19word
iacorg-ytuj9,L2PE1Z7,iacorg-ytuj9_superuser@mailtest.co.uk,iacorg-ytuj9_user563@mailtest.co.uk,Pass19word
iacorg-ytvpl,6P663RS,iacorg-ytvpl_superuser@mailtest.co.uk,iacorg-ytuj9_user564@mailtest.co.uk,Pass19word
iacorg-ytvpl,N28ZLH0,iacorg-ytvpl_superuser@mailtest.co.uk,iacorg-ytuj9_user565@mailtest.co.uk,Pass19word
iacorg-ytvpl,8LZDLX1,iacorg-ytvpl_superuser@mailtest.co.uk,iacorg-ytuj9_user566@mailtest.co.uk,Pass19word
iacorg-ytvpl,X0G0JLA,iacorg-ytvpl_superuser@mailtest.co.uk,iacorg-ytuj9_user567@mailtest.co.uk,Pass19word
iacorg-ytvpl,ORSX36S,iacorg-ytvpl_superuser@mailtest.co.uk,iacorg-ytvpl_user218@mailtest.co.uk,Pass19word
iacorg-z6hmm,86HJH20,iacorg-z6hmm_superuser@mailtest.co.uk,iacorg-ytvpl_user219@mailtest.co.uk,Pass19word
iacorg-z6hmm,UI1QRGY,iacorg-z6hmm_superuser@mailtest.co.uk,iacorg-ytvpl_user220@mailtest.co.uk,Pass19word
iacorg-z6hmm,3TTPGYM,iacorg-z6hmm_superuser@mailtest.co.uk,iacorg-ytvpl_user221@mailtest.co.uk,Pass19word
iacorg-z6hmm,0HXTMFE,iacorg-z6hmm_superuser@mailtest.co.uk,iacorg-ytvpl_user222@mailtest.co.uk,Pass19word
iacorg-z6hmm,UPNUZ62,iacorg-z6hmm_superuser@mailtest.co.uk,iacorg-z6hmm_user188@mailtest.co.uk,Pass19word
iacorg-z86ir,QPGLT0L,iacorg-z86ir_superuser@mailtest.co.uk,iacorg-z6hmm_user189@mailtest.co.uk,Pass19word
iacorg-z86ir,IUS14Z0,iacorg-z86ir_superuser@mailtest.co.uk,iacorg-z6hmm_user190@mailtest.co.uk,Pass19word
iacorg-z86ir,EP8PH7X,iacorg-z86ir_superuser@mailtest.co.uk,iacorg-z86ir_user134@mailtest.co.uk,Pass19word
iacorg-z86ir,D5YRDG0,iacorg-z86ir_superuser@mailtest.co.uk,iacorg-z86ir_user135@mailtest.co.uk,Pass19word
iacorg-z86ir,VDQ7FW9,iacorg-z86ir_superuser@mailtest.co.uk,iacorg-z86ir_user136@mailtest.co.uk,Pass19word
iacorg-zaq70,APGPS1H,iacorg-zaq70_superuser@mailtest.co.uk,iacorg-z86ir_user137@mailtest.co.uk,Pass19word
iacorg-zaq70,UHOL10J,iacorg-zaq70_superuser@mailtest.co.uk,iacorg-zaq70_user278@mailtest.co.uk,Pass19word
iacorg-zaq70,HRLQ9LJ,iacorg-zaq70_superuser@mailtest.co.uk,iacorg-zaq70_user279@mailtest.co.uk,Pass19word
iacorg-zaq70,OHS3L84,iacorg-zaq70_superuser@mailtest.co.uk,iacorg-zaq70_user280@mailtest.co.uk,Pass19word
iacorg-zaq70,FFTJ2KA,iacorg-zaq70_superuser@mailtest.co.uk,iacorg-zaq70_user281@mailtest.co.uk,Pass19word
iacorg-zgexf,L2PE1Z7,iacorg-zgexf_superuser@mailtest.co.uk,iacorg-zaq70_user282@mailtest.co.uk,Pass19word
iacorg-zgexf,6P663RS,iacorg-zgexf_superuser@mailtest.co.uk,iacorg-zaq70_user283@mailtest.co.uk,Pass19word
iacorg-zgexf,X0G0JLA,iacorg-zgexf_superuser@mailtest.co.uk,iacorg-zgexf_user475@mailtest.co.uk,Pass19word
iacorg-zgexf,ORSX36S,iacorg-zgexf_superuser@mailtest.co.uk,iacorg-zgexf_user476@mailtest.co.uk,Pass19word
iacorg-zgexf,UI1QRGY,iacorg-zgexf_superuser@mailtest.co.uk,iacorg-zgexf_user477@mailtest.co.uk,Pass19word
iacorg-zm927,0HXTMFE,iacorg-zm927_superuser@mailtest.co.uk,iacorg-zgexf_user478@mailtest.co.uk,Pass19word
iacorg-zm927,3TTPGYM,iacorg-zm927_superuser@mailtest.co.uk,iacorg-zgexf_user479@mailtest.co.uk,Pass19word
iacorg-zm927,QPGLT0L,iacorg-zm927_superuser@mailtest.co.uk,iacorg-zm927_user534@mailtest.co.uk,Pass19word
iacorg-zm927,IUS14Z0,iacorg-zm927_superuser@mailtest.co.uk,iacorg-zm927_user535@mailtest.co.uk,Pass19word
iacorg-zm927,EP8PH7X,iacorg-zm927_superuser@mailtest.co.uk,iacorg-zm927_user536@mailtest.co.uk,Pass19word
iacorg-zp6zf,VDQ7FW9,iacorg-zp6zf_superuser@mailtest.co.uk,iacorg-zm927_user537@mailtest.co.uk,Pass19word
iacorg-zp6zf,APGPS1H,iacorg-zp6zf_superuser@mailtest.co.uk,iacorg-zm927_user538@mailtest.co.uk,Pass19word
iacorg-zp6zf,HRLQ9LJ,iacorg-zp6zf_superuser@mailtest.co.uk,iacorg-zm927_user539@mailtest.co.uk,Pass19word
iacorg-zp6zf,L2PE1Z7,iacorg-zp6zf_superuser@mailtest.co.uk,iacorg-zp6zf_user203@mailtest.co.uk,Pass19word
iacorg-zp6zf,6P663RS,iacorg-zp6zf_superuser@mailtest.co.uk,iacorg-zp6zf_user204@mailtest.co.uk,Pass19word
iacorg-zy64n,ORSX36S,iacorg-zy64n_superuser@mailtest.co.uk,iacorg-zp6zf_user205@mailtest.co.uk,Pass19word
iacorg-zy64n,UI1QRGY,iacorg-zy64n_superuser@mailtest.co.uk,iacorg-zp6zf_user206@mailtest.co.uk,Pass19word
iacorg-zy64n,QPGLT0L,iacorg-zy64n_superuser@mailtest.co.uk,iacorg-zy64n_user333@mailtest.co.uk,Pass19word
iacorg-zy64n,EP8PH7X,iacorg-zy64n_superuser@mailtest.co.uk,iacorg-zy64n_user334@mailtest.co.uk,Pass19word
iacorg-zy64n,APGPS1H,iacorg-zy64n_superuser@mailtest.co.uk,iacorg-zy64n_user335@mailtest.co.uk,Pass19word
