orgname,orgref,superuser,user,password
probateorg-1l90e,YS0C4QG,probateorg-1l90e_superuser@mailinator.com,probateuser2@mailinator.com,Pass19word
probateorg-1l90e,YS0C4QG,probateorg-1l90e_superuser@mailinator.com,probateuser3@mailinator.com,Pass19word
probateorg-7v7n2,NAGMS8A,probateorg-7v7n2_superuser@mailinator.com,probateuser4@mailinator.com,Pass19word
probateorg-oozr3,DHP72FV,probateorg-oozr3_superuser@mailinator.com,probateuser5@mailinator.com,Pass19word
probateorg-40nu5,K2G5NMX,probateorg-40nu5_superuser@mailinator.com,probateuser6@mailinator.com,Pass19word
probateorg-jphxu,J2YR4AA,probateorg-jphxu_superuser@mailinator.com,probateuser7@mailinator.com,Pass19word
probateorg-bneru,892S498,probateorg-bneru_superuser@mailinator.com,probateuser8@mailinator.com,Pass19word
probateorg-qc38b,G0VDBBB,probateorg-qc38b_superuser@mailinator.com,probateuser9@mailinator.com,Pass19word
probateorg-7v7n2,NAGMS8A,probateorg-7v7n2_superuser@mailinator.com,probateuser10@mailinator.com,Pass19word
probateorg-de1xl,7KNXRUD,probateorg-de1xl_superuser@mailinator.com,probateuser11@mailinator.com,Pass19word
probateorg-oozr3,DHP72FV,probateorg-oozr3_superuser@mailinator.com,probateuser12@mailinator.com,Pass19word
probateorg-bnjsh,WBYY0YJ,probateorg-bnjsh_superuser@mailinator.com,probateuser13@mailinator.com,Pass19word
probateorg-40nu5,K2G5NMX,probateorg-40nu5_superuser@mailinator.com,probateuser14@mailinator.com,Pass19word
probateorg-s9mbn,E7E6FMA,probateorg-s9mbn_superuser@mailinator.com,probateuser15@mailinator.com,Pass19word
probateorg-jphxu,J2YR4AA,probateorg-jphxu_superuser@mailinator.com,probateuser16@mailinator.com,Pass19word
probateorg-ju5il,ENLOY4W,probateorg-ju5il_superuser@mailinator.com,probateuser17@mailinator.com,Pass19word
probateorg-m8ini,I1KXL00,probateorg-m8ini_superuser@mailinator.com,probateuser18@mailinator.com,Pass19word
probateorg-bneru,892S498,probateorg-bneru_superuser@mailinator.com,probateuser19@mailinator.com,Pass19word
probateorg-qc38b,G0VDBBB,probateorg-qc38b_superuser@mailinator.com,probateuser20@mailinator.com,Pass19word
probateorg-c0izy,JNQEKA4,probateorg-c0izy_superuser@mailinator.com,probateuser21@mailinator.com,Pass19word
probateorg-hhw0a,Y6TUA04,probateorg-hhw0a_superuser@mailinator.com,probateuser22@mailinator.com,Pass19word
probateorg-de1xl,7KNXRUD,probateorg-de1xl_superuser@mailinator.com,probateuser23@mailinator.com,Pass19word
probateorg-bnjsh,WBYY0YJ,probateorg-bnjsh_superuser@mailinator.com,probateuser24@mailinator.com,Pass19word
probateorg-txlir,QJ47JFN,probateorg-txlir_superuser@mailinator.com,probateuser25@mailinator.com,Pass19word
probateorg-s9mbn,E7E6FMA,probateorg-s9mbn_superuser@mailinator.com,probateuser26@mailinator.com,Pass19word
probateorg-ju5il,ENLOY4W,probateorg-ju5il_superuser@mailinator.com,probateuser27@mailinator.com,Pass19word
probateorg-2973j,BQXA7CE,probateorg-2973j_superuser@mailinator.com,probateuser29@mailinator.com,Pass19word
probateorg-m8ini,I1KXL00,probateorg-m8ini_superuser@mailinator.com,probateuser30@mailinator.com,Pass19word
probateorg-vweex,MNPG9NZ,probateorg-vweex_superuser@mailinator.com,probateuser31@mailinator.com,Pass19word
probateorg-c0izy,JNQEKA4,probateorg-c0izy_superuser@mailinator.com,probateuser32@mailinator.com,Pass19word
probateorg-l4hc1,4UK1OFP,probateorg-l4hc1_superuser@mailinator.com,probateuser33@mailinator.com,Pass19word
probateorg-hhw0a,Y6TUA04,probateorg-hhw0a_superuser@mailinator.com,probateuser34@mailinator.com,Pass19word
probateorg-aaaz9,91GEEZY,probateorg-aaaz9_superuser@mailinator.com,probateuser35@mailinator.com,Pass19word
probateorg-txlir,QJ47JFN,probateorg-txlir_superuser@mailinator.com,probateuser36@mailinator.com,Pass19word
probateorg-nxk7c,Y08J11G,probateorg-nxk7c_superuser@mailinator.com,probateuser37@mailinator.com,Pass19word
probateorg-3x9o9,R98E4VT,probateorg-3x9o9_superuser@mailinator.com,probateuser38@mailinator.com,Pass19word
probateorg-2973j,BQXA7CE,probateorg-2973j_superuser@mailinator.com,probateuser39@mailinator.com,Pass19word
probateorg-8d0md,ZL2SPGZ,probateorg-8d0md_superuser@mailinator.com,probateuser40@mailinator.com,Pass19word
probateorg-psymp,1I06P7C,probateorg-psymp_superuser@mailinator.com,probateuser42@mailinator.com,Pass19word
probateorg-vweex,MNPG9NZ,probateorg-vweex_superuser@mailinator.com,probateuser41@mailinator.com,Pass19word
probateorg-l4hc1,4UK1OFP,probateorg-l4hc1_superuser@mailinator.com,probateuser43@mailinator.com,Pass19word
probateorg-0437v,0K2P5LS,probateorg-0437v_superuser@mailinator.com,probateuser44@mailinator.com,Pass19word
probateorg-aaaz9,91GEEZY,probateorg-aaaz9_superuser@mailinator.com,probateuser45@mailinator.com,Pass19word
probateorg-mpx2z,G23UNVQ,probateorg-mpx2z_superuser@mailinator.com,probateuser46@mailinator.com,Pass19word
probateorg-nxk7c,Y08J11G,probateorg-nxk7c_superuser@mailinator.com,probateuser47@mailinator.com,Pass19word
probateorg-5pv8h,4I3WG1R,probateorg-5pv8h_superuser@mailinator.com,probateuser48@mailinator.com,Pass19word
probateorg-3x9o9,R98E4VT,probateorg-3x9o9_superuser@mailinator.com,probateuser49@mailinator.com,Pass19word
probateorg-d2ks4,7CXADO7,probateorg-d2ks4_superuser@mailinator.com,probateuser50@mailinator.com,Pass19word
probateorg-d9rm5,9B74MW4,probateorg-d9rm5_superuser@mailinator.com,probateuser51@mailinator.com,Pass19word
probateorg-8d0md,ZL2SPGZ,probateorg-8d0md_superuser@mailinator.com,probateuser52@mailinator.com,Pass19word
probateorg-psymp,1I06P7C,probateorg-psymp_superuser@mailinator.com,probateuser53@mailinator.com,Pass19word
probateorg-p5w5l,XQF9J0H,probateorg-p5w5l_superuser@mailinator.com,probateuser54@mailinator.com,Pass19word
probateorg-7wmyk,2JCCP94,probateorg-7wmyk_superuser@mailinator.com,probateuser56@mailinator.com,Pass19word
probateorg-0437v,0K2P5LS,probateorg-0437v_superuser@mailinator.com,probateuser55@mailinator.com,Pass19word
probateorg-mpx2z,G23UNVQ,probateorg-mpx2z_superuser@mailinator.com,probateuser57@mailinator.com,Pass19word
probateorg-sltkh,4829B3K,probateorg-sltkh_superuser@mailinator.com,probateuser58@mailinator.com,Pass19word
probateorg-5pv8h,4I3WG1R,probateorg-5pv8h_superuser@mailinator.com,probateuser59@mailinator.com,Pass19word
probateorg-0p00t,IVB8C48,probateorg-0p00t_superuser@mailinator.com,probateuser60@mailinator.com,Pass19word
probateorg-d2ks4,7CXADO7,probateorg-d2ks4_superuser@mailinator.com,probateuser61@mailinator.com,Pass19word
probateorg-trgqr,GPY3T8N,probateorg-trgqr_superuser@mailinator.com,probateuser62@mailinator.com,Pass19word
probateorg-d9rm5,9B74MW4,probateorg-d9rm5_superuser@mailinator.com,probateuser63@mailinator.com,Pass19word
probateorg-pklp3,S5G0VUA,probateorg-pklp3_superuser@mailinator.com,probateuser64@mailinator.com,Pass19word
probateorg-h5ajj,ZF8RK0Q,probateorg-h5ajj_superuser@mailinator.com,probateuser66@mailinator.com,Pass19word
probateorg-p5w5l,XQF9J0H,probateorg-p5w5l_superuser@mailinator.com,probateuser65@mailinator.com,Pass19word
probateorg-7wmyk,2JCCP94,probateorg-7wmyk_superuser@mailinator.com,probateuser67@mailinator.com,Pass19word
probateorg-1dq1t,5H78WD0,probateorg-1dq1t_superuser@mailinator.com,probateuser68@mailinator.com,Pass19word
probateorg-sltkh,4829B3K,probateorg-sltkh_superuser@mailinator.com,probateuser69@mailinator.com,Pass19word
probateorg-3hi0j,G4TXVF3,probateorg-3hi0j_superuser@mailinator.com,probateuser70@mailinator.com,Pass19word
probateorg-0p00t,IVB8C48,probateorg-0p00t_superuser@mailinator.com,probateuser71@mailinator.com,Pass19word
probateorg-6gbf7,EV8IOC5,probateorg-6gbf7_superuser@mailinator.com,probateuser72@mailinator.com,Pass19word
probateorg-trgqr,GPY3T8N,probateorg-trgqr_superuser@mailinator.com,probateuser73@mailinator.com,Pass19word
probateorg-t9xp5,23HV8SG,probateorg-t9xp5_superuser@mailinator.com,probateuser74@mailinator.com,Pass19word
probateorg-pklp3,S5G0VUA,probateorg-pklp3_superuser@mailinator.com,probateuser75@mailinator.com,Pass19word
probateorg-h5ajj,ZF8RK0Q,probateorg-h5ajj_superuser@mailinator.com,probateuser77@mailinator.com,Pass19word
probateorg-1diwq,8OWXNXN,probateorg-1diwq_superuser@mailinator.com,probateuser78@mailinator.com,Pass19word
probateorg-1dq1t,5H78WD0,probateorg-1dq1t_superuser@mailinator.com,probateuser79@mailinator.com,Pass19word
probateorg-szlng,WGD80GC,probateorg-szlng_superuser@mailinator.com,probateuser80@mailinator.com,Pass19word
probateorg-6jo9z,XHAQ7SZ,probateorg-6jo9z_superuser@mailinator.com,probateuser81@mailinator.com,Pass19word
probateorg-3hi0j,G4TXVF3,probateorg-3hi0j_superuser@mailinator.com,probateuser82@mailinator.com,Pass19word
probateorg-6gbf7,EV8IOC5,probateorg-6gbf7_superuser@mailinator.com,probateuser83@mailinator.com,Pass19word
probateorg-3m1g7,YGT01WP,probateorg-3m1g7_superuser@mailinator.com,probateuser84@mailinator.com,Pass19word
probateorg-t9xp5,23HV8SG,probateorg-t9xp5_superuser@mailinator.com,probateuser85@mailinator.com,Pass19word
probateorg-e64q8,KKLV7GA,probateorg-e64q8_superuser@mailinator.com,probateuser86@mailinator.com,Pass19word
probateorg-0vre9,UBNML98,probateorg-0vre9_superuser@mailinator.com,probateuser87@mailinator.com,Pass19word
probateorg-1diwq,8OWXNXN,probateorg-1diwq_superuser@mailinator.com,probateuser88@mailinator.com,Pass19word
probateorg-d915p,T0JXHEU,probateorg-d915p_superuser@mailinator.com,probateuser89@mailinator.com,Pass19word
probateorg-szlng,WGD80GC,probateorg-szlng_superuser@mailinator.com,probateuser90@mailinator.com,Pass19word
probateorg-i1u08,USVI5QA,probateorg-i1u08_superuser@mailinator.com,probateuser92@mailinator.com,Pass19word
probateorg-6jo9z,XHAQ7SZ,probateorg-6jo9z_superuser@mailinator.com,probateuser93@mailinator.com,Pass19word
probateorg-5d2tw,3HHBKG2,probateorg-5d2tw_superuser@mailinator.com,probateuser94@mailinator.com,Pass19word
probateorg-3m1g7,YGT01WP,probateorg-3m1g7_superuser@mailinator.com,probateuser95@mailinator.com,Pass19word
probateorg-wlbor,OOQYE1H,probateorg-wlbor_superuser@mailinator.com,probateuser96@mailinator.com,Pass19word
probateorg-e64q8,KKLV7GA,probateorg-e64q8_superuser@mailinator.com,probateuser97@mailinator.com,Pass19word
probateorg-g85en,THCN27L,probateorg-g85en_superuser@mailinator.com,probateuser98@mailinator.com,Pass19word
probateorg-0vre9,UBNML98,probateorg-0vre9_superuser@mailinator.com,probateuser99@mailinator.com,Pass19word
probateorg-g2kud,0M62S32,probateorg-g2kud_superuser@mailinator.com,probateuser100@mailinator.com,Pass19word
probateorg-d915p,T0JXHEU,probateorg-d915p_superuser@mailinator.com,probateuser101@mailinator.com,Pass19word
probateorg-1hr1h,BJA0JMK,probateorg-1hr1h_superuser@mailinator.com,probateuser102@mailinator.com,Pass19word
probateorg-i1u08,USVI5QA,probateorg-i1u08_superuser@mailinator.com,probateuser103@mailinator.com,Pass19word
probateorg-vev2c,2353WRX,probateorg-vev2c_superuser@mailinator.com,probateuser104@mailinator.com,Pass19word
probateorg-5d2tw,3HHBKG2,probateorg-5d2tw_superuser@mailinator.com,probateuser106@mailinator.com,Pass19word
probateorg-wlbor,OOQYE1H,probateorg-wlbor_superuser@mailinator.com,probateuser107@mailinator.com,Pass19word
probateorg-c7iwb,M7YNOER,probateorg-c7iwb_superuser@mailinator.com,probateuser108@mailinator.com,Pass19word
probateorg-g85en,THCN27L,probateorg-g85en_superuser@mailinator.com,probateuser109@mailinator.com,Pass19word
probateorg-fl3e1,XNOTNY6,probateorg-fl3e1_superuser@mailinator.com,probateuser110@mailinator.com,Pass19word
probateorg-g2kud,0M62S32,probateorg-g2kud_superuser@mailinator.com,probateuser111@mailinator.com,Pass19word
probateorg-hg834,9KYNH8M,probateorg-hg834_superuser@mailinator.com,probateuser112@mailinator.com,Pass19word
probateorg-1hr1h,BJA0JMK,probateorg-1hr1h_superuser@mailinator.com,probateuser113@mailinator.com,Pass19word
probateorg-65un9,J17Y30C,probateorg-65un9_superuser@mailinator.com,probateuser114@mailinator.com,Pass19word
probateorg-vev2c,2353WRX,probateorg-vev2c_superuser@mailinator.com,probateuser115@mailinator.com,Pass19word
probateorg-vx2av,CFL5QXU,probateorg-vx2av_superuser@mailinator.com,probateuser116@mailinator.com,Pass19word
probateorg-prvxn,J28LIA6,probateorg-prvxn_superuser@mailinator.com,probateuser117@mailinator.com,Pass19word
probateorg-c7iwb,M7YNOER,probateorg-c7iwb_superuser@mailinator.com,probateuser118@mailinator.com,Pass19word
probateorg-vzma8,QZ5E7LY,probateorg-vzma8_superuser@mailinator.com,probateuser119@mailinator.com,Pass19word
probateorg-fl3e1,XNOTNY6,probateorg-fl3e1_superuser@mailinator.com,probateuser120@mailinator.com,Pass19word
probateorg-d0cng,5BEX8EU,probateorg-d0cng_superuser@mailinator.com,probateuser121@mailinator.com,Pass19word
probateorg-hg834,9KYNH8M,probateorg-hg834_superuser@mailinator.com,probateuser122@mailinator.com,Pass19word
probateorg-xd5oy,CH4K5F3,probateorg-xd5oy_superuser@mailinator.com,probateuser123@mailinator.com,Pass19word
probateorg-65un9,J17Y30C,probateorg-65un9_superuser@mailinator.com,probateuser124@mailinator.com,Pass19word
probateorg-7qzn0,M7VFIPS,probateorg-7qzn0_superuser@mailinator.com,probateuser125@mailinator.com,Pass19word
probateorg-vx2av,CFL5QXU,probateorg-vx2av_superuser@mailinator.com,probateuser126@mailinator.com,Pass19word
probateorg-e7sxb,LP82MQK,probateorg-e7sxb_superuser@mailinator.com,probateuser127@mailinator.com,Pass19word
probateorg-prvxn,J28LIA6,probateorg-prvxn_superuser@mailinator.com,probateuser128@mailinator.com,Pass19word
probateorg-322xt,FMXYD9F,probateorg-322xt_superuser@mailinator.com,probateuser129@mailinator.com,Pass19word
probateorg-vzma8,QZ5E7LY,probateorg-vzma8_superuser@mailinator.com,probateuser130@mailinator.com,Pass19word
probateorg-rkdk8,3ZZADTB,probateorg-rkdk8_superuser@mailinator.com,probateuser131@mailinator.com,Pass19word
probateorg-d0cng,5BEX8EU,probateorg-d0cng_superuser@mailinator.com,probateuser132@mailinator.com,Pass19word
probateorg-xd8i8,T903RMT,probateorg-xd8i8_superuser@mailinator.com,probateuser133@mailinator.com,Pass19word
probateorg-xd5oy,CH4K5F3,probateorg-xd5oy_superuser@mailinator.com,probateuser134@mailinator.com,Pass19word
probateorg-7qzn0,M7VFIPS,probateorg-7qzn0_superuser@mailinator.com,probateuser135@mailinator.com,Pass19word
probateorg-2h24t,J3D388Y,probateorg-2h24t_superuser@mailinator.com,probateuser137@mailinator.com,Pass19word
probateorg-e7sxb,LP82MQK,probateorg-e7sxb_superuser@mailinator.com,probateuser138@mailinator.com,Pass19word
probateorg-fj2kb,WGF27SE,probateorg-fj2kb_superuser@mailinator.com,probateuser139@mailinator.com,Pass19word
probateorg-cynse,4FWZF89,probateorg-cynse_superuser@mailinator.com,probateuser141@mailinator.com,Pass19word
probateorg-rkdk8,3ZZADTB,probateorg-rkdk8_superuser@mailinator.com,probateuser142@mailinator.com,Pass19word
probateorg-xd8i8,T903RMT,probateorg-xd8i8_superuser@mailinator.com,probateuser143@mailinator.com,Pass19word
probateorg-2h24t,J3D388Y,probateorg-2h24t_superuser@mailinator.com,probateuser144@mailinator.com,Pass19word
probateorg-fj2kb,WGF27SE,probateorg-fj2kb_superuser@mailinator.com,probateuser145@mailinator.com,Pass19word
probateorg-cynse,4FWZF89,probateorg-cynse_superuser@mailinator.com,probateuser146@mailinator.com,Pass19word
fplorg-ey3jj,QHJ78BW,fplorg-ey3jj_superuser@mailinator.com,fpluser13@mailinator.com,Pass19word
fplorg-ey3jj,QHJ78BW,fplorg-ey3jj_superuser@mailinator.com,fpluser23@mailinator.com,Pass19word
fplorg-ey3jj,QHJ78BW,fplorg-ey3jj_superuser@mailinator.com,fpluser33@mailinator.com,Pass19word
fplorg-ey3jj,QHJ78BW,fplorg-ey3jj_superuser@mailinator.com,fpluser43@mailinator.com,Pass19word
fplorg-ey3jj,QHJ78BW,fplorg-ey3jj_superuser@mailinator.com,fpluser53@mailinator.com,Pass19word
fplorg-ey3jj,QHJ78BW,fplorg-ey3jj_superuser@mailinator.com,fpluser63@mailinator.com,Pass19word
fplorg-ey3jj,QHJ78BW,fplorg-ey3jj_superuser@mailinator.com,fpluser73@mailinator.com,Pass19word
fplorg-ey3jj,QHJ78BW,fplorg-ey3jj_superuser@mailinator.com,fpluser83@mailinator.com,Pass19word
fplorg-ey3jj,QHJ78BW,fplorg-ey3jj_superuser@mailinator.com,fpluser93@mailinator.com,Pass19word
fplorg-ey3jj,QHJ78BW,fplorg-ey3jj_superuser@mailinator.com,fpluser103@mailinator.com,Pass19word
fplorg-ey3jj,QHJ78BW,fplorg-ey3jj_superuser@mailinator.com,fpluser113@mailinator.com,Pass19word
fplorg-eyf2m,8PC4OVL,fplorg-eyf2m_superuser@mailinator.com,fpluser257@mailinator.com,Pass19word
fplorg-eyf2m,8PC4OVL,fplorg-eyf2m_superuser@mailinator.com,fpluser267@mailinator.com,Pass19word
fplorg-eyf2m,8PC4OVL,fplorg-eyf2m_superuser@mailinator.com,fpluser277@mailinator.com,Pass19word
fplorg-eyf2m,8PC4OVL,fplorg-eyf2m_superuser@mailinator.com,fpluser287@mailinator.com,Pass19word
fplorg-eyf2m,8PC4OVL,fplorg-eyf2m_superuser@mailinator.com,fpluser297@mailinator.com,Pass19word
fplorg-eyf2m,8PC4OVL,fplorg-eyf2m_superuser@mailinator.com,fpluser307@mailinator.com,Pass19word
fplorg-eyf2m,8PC4OVL,fplorg-eyf2m_superuser@mailinator.com,fpluser317@mailinator.com,Pass19word
fplorg-eyf2m,8PC4OVL,fplorg-eyf2m_superuser@mailinator.com,fpluser327@mailinator.com,Pass19word
fplorg-eyf2m,8PC4OVL,fplorg-eyf2m_superuser@mailinator.com,fpluser337@mailinator.com,Pass19word
fplorg-eyf2m,8PC4OVL,fplorg-eyf2m_superuser@mailinator.com,fpluser347@mailinator.com,Pass19word
fplorg-eyf2m,8PC4OVL,fplorg-eyf2m_superuser@mailinator.com,fpluser357@mailinator.com,Pass19word
fplorg-fx5k5,QRG4FV5,fplorg-fx5k5_superuser@mailinator.com,fpluser20@mailinator.com,Pass19word
fplorg-fx5k5,QRG4FV5,fplorg-fx5k5_superuser@mailinator.com,fpluser30@mailinator.com,Pass19word
fplorg-fx5k5,QRG4FV5,fplorg-fx5k5_superuser@mailinator.com,fpluser40@mailinator.com,Pass19word
fplorg-fx5k5,QRG4FV5,fplorg-fx5k5_superuser@mailinator.com,fpluser50@mailinator.com,Pass19word
fplorg-fx5k5,QRG4FV5,fplorg-fx5k5_superuser@mailinator.com,fpluser60@mailinator.com,Pass19word
fplorg-fx5k5,QRG4FV5,fplorg-fx5k5_superuser@mailinator.com,fpluser70@mailinator.com,Pass19word
fplorg-fx5k5,QRG4FV5,fplorg-fx5k5_superuser@mailinator.com,fpluser80@mailinator.com,Pass19word
fplorg-fx5k5,QRG4FV5,fplorg-fx5k5_superuser@mailinator.com,fpluser90@mailinator.com,Pass19word
fplorg-fx5k5,QRG4FV5,fplorg-fx5k5_superuser@mailinator.com,fpluser100@mailinator.com,Pass19word
fplorg-fx5k5,QRG4FV5,fplorg-fx5k5_superuser@mailinator.com,fpluser110@mailinator.com,Pass19word
fplorg-fx5k5,QRG4FV5,fplorg-fx5k5_superuser@mailinator.com,fpluser120@mailinator.com,Pass19word
fplorg-g7rtz,YJ9YLKD,fplorg-g7rtz_superuser@mailinator.com,fpluser254@mailinator.com,Pass19word
fplorg-g7rtz,YJ9YLKD,fplorg-g7rtz_superuser@mailinator.com,fpluser264@mailinator.com,Pass19word
fplorg-g7rtz,YJ9YLKD,fplorg-g7rtz_superuser@mailinator.com,fpluser274@mailinator.com,Pass19word
fplorg-g7rtz,YJ9YLKD,fplorg-g7rtz_superuser@mailinator.com,fpluser283@mailinator.com,Pass19word
fplorg-g7rtz,YJ9YLKD,fplorg-g7rtz_superuser@mailinator.com,fpluser293@mailinator.com,Pass19word
fplorg-g7rtz,YJ9YLKD,fplorg-g7rtz_superuser@mailinator.com,fpluser303@mailinator.com,Pass19word
fplorg-g7rtz,YJ9YLKD,fplorg-g7rtz_superuser@mailinator.com,fpluser313@mailinator.com,Pass19word
fplorg-g7rtz,YJ9YLKD,fplorg-g7rtz_superuser@mailinator.com,fpluser323@mailinator.com,Pass19word
fplorg-g7rtz,YJ9YLKD,fplorg-g7rtz_superuser@mailinator.com,fpluser333@mailinator.com,Pass19word
fplorg-g7rtz,YJ9YLKD,fplorg-g7rtz_superuser@mailinator.com,fpluser343@mailinator.com,Pass19word
fplorg-g7rtz,YJ9YLKD,fplorg-g7rtz_superuser@mailinator.com,fpluser353@mailinator.com,Pass19word
fplorg-gb0gb,63UTEHV,fplorg-gb0gb_superuser@mailinator.com,fpluser255@mailinator.com,Pass19word
fplorg-gb0gb,63UTEHV,fplorg-gb0gb_superuser@mailinator.com,fpluser265@mailinator.com,Pass19word
fplorg-gb0gb,63UTEHV,fplorg-gb0gb_superuser@mailinator.com,fpluser275@mailinator.com,Pass19word
fplorg-gb0gb,63UTEHV,fplorg-gb0gb_superuser@mailinator.com,fpluser285@mailinator.com,Pass19word
fplorg-gb0gb,63UTEHV,fplorg-gb0gb_superuser@mailinator.com,fpluser295@mailinator.com,Pass19word
fplorg-gb0gb,63UTEHV,fplorg-gb0gb_superuser@mailinator.com,fpluser305@mailinator.com,Pass19word
fplorg-gb0gb,63UTEHV,fplorg-gb0gb_superuser@mailinator.com,fpluser315@mailinator.com,Pass19word
fplorg-gb0gb,63UTEHV,fplorg-gb0gb_superuser@mailinator.com,fpluser325@mailinator.com,Pass19word
fplorg-gb0gb,63UTEHV,fplorg-gb0gb_superuser@mailinator.com,fpluser335@mailinator.com,Pass19word
fplorg-gb0gb,63UTEHV,fplorg-gb0gb_superuser@mailinator.com,fpluser345@mailinator.com,Pass19word
fplorg-gb0gb,63UTEHV,fplorg-gb0gb_superuser@mailinator.com,fpluser355@mailinator.com,Pass19word
fplorg-gz51r,7JW2CYN,fplorg-gz51r_superuser@mailinator.com,fpluser381@mailinator.com,Pass19word
fplorg-gz51r,7JW2CYN,fplorg-gz51r_superuser@mailinator.com,fpluser391@mailinator.com,Pass19word
fplorg-gz51r,7JW2CYN,fplorg-gz51r_superuser@mailinator.com,fpluser401@mailinator.com,Pass19word
fplorg-gz51r,7JW2CYN,fplorg-gz51r_superuser@mailinator.com,fpluser410@mailinator.com,Pass19word
fplorg-gz51r,7JW2CYN,fplorg-gz51r_superuser@mailinator.com,fpluser419@mailinator.com,Pass19word
fplorg-gz51r,7JW2CYN,fplorg-gz51r_superuser@mailinator.com,fpluser428@mailinator.com,Pass19word
fplorg-gz51r,7JW2CYN,fplorg-gz51r_superuser@mailinator.com,fpluser437@mailinator.com,Pass19word
fplorg-gz51r,7JW2CYN,fplorg-gz51r_superuser@mailinator.com,fpluser446@mailinator.com,Pass19word
fplorg-gz51r,7JW2CYN,fplorg-gz51r_superuser@mailinator.com,fpluser455@mailinator.com,Pass19word
fplorg-gz51r,7JW2CYN,fplorg-gz51r_superuser@mailinator.com,fpluser464@mailinator.com,Pass19word
fplorg-gz51r,7JW2CYN,fplorg-gz51r_superuser@mailinator.com,fpluser473@mailinator.com,Pass19word
fplorg-lpv5i,RBMH3T7,fplorg-lpv5i_superuser@mailinator.com,fpluser14@mailinator.com,Pass19word
fplorg-lpv5i,RBMH3T7,fplorg-lpv5i_superuser@mailinator.com,fpluser24@mailinator.com,Pass19word
fplorg-lpv5i,RBMH3T7,fplorg-lpv5i_superuser@mailinator.com,fpluser34@mailinator.com,Pass19word
fplorg-lpv5i,RBMH3T7,fplorg-lpv5i_superuser@mailinator.com,fpluser44@mailinator.com,Pass19word
fplorg-lpv5i,RBMH3T7,fplorg-lpv5i_superuser@mailinator.com,fpluser54@mailinator.com,Pass19word
fplorg-lpv5i,RBMH3T7,fplorg-lpv5i_superuser@mailinator.com,fpluser64@mailinator.com,Pass19word
fplorg-lpv5i,RBMH3T7,fplorg-lpv5i_superuser@mailinator.com,fpluser74@mailinator.com,Pass19word
fplorg-lpv5i,RBMH3T7,fplorg-lpv5i_superuser@mailinator.com,fpluser84@mailinator.com,Pass19word
fplorg-lpv5i,RBMH3T7,fplorg-lpv5i_superuser@mailinator.com,fpluser94@mailinator.com,Pass19word
fplorg-lpv5i,RBMH3T7,fplorg-lpv5i_superuser@mailinator.com,fpluser104@mailinator.com,Pass19word
fplorg-lpv5i,RBMH3T7,fplorg-lpv5i_superuser@mailinator.com,fpluser114@mailinator.com,Pass19word
fplorg-mpy73,LQ47PMA,fplorg-mpy73_superuser@mailinator.com,fpluser377@mailinator.com,Pass19word
fplorg-mpy73,LQ47PMA,fplorg-mpy73_superuser@mailinator.com,fpluser387@mailinator.com,Pass19word
fplorg-mpy73,LQ47PMA,fplorg-mpy73_superuser@mailinator.com,fpluser397@mailinator.com,Pass19word
fplorg-mpy73,LQ47PMA,fplorg-mpy73_superuser@mailinator.com,fpluser406@mailinator.com,Pass19word
fplorg-mpy73,LQ47PMA,fplorg-mpy73_superuser@mailinator.com,fpluser415@mailinator.com,Pass19word
fplorg-mpy73,LQ47PMA,fplorg-mpy73_superuser@mailinator.com,fpluser424@mailinator.com,Pass19word
fplorg-mpy73,LQ47PMA,fplorg-mpy73_superuser@mailinator.com,fpluser433@mailinator.com,Pass19word
fplorg-mpy73,LQ47PMA,fplorg-mpy73_superuser@mailinator.com,fpluser442@mailinator.com,Pass19word
fplorg-mpy73,LQ47PMA,fplorg-mpy73_superuser@mailinator.com,fpluser451@mailinator.com,Pass19word
fplorg-mpy73,LQ47PMA,fplorg-mpy73_superuser@mailinator.com,fpluser460@mailinator.com,Pass19word
fplorg-mpy73,LQ47PMA,fplorg-mpy73_superuser@mailinator.com,fpluser469@mailinator.com,Pass19word
fplorg-n51hv,0OG9M25,fplorg-n51hv_superuser@mailinator.com,fpluser375@mailinator.com,Pass19word
fplorg-n51hv,0OG9M25,fplorg-n51hv_superuser@mailinator.com,fpluser385@mailinator.com,Pass19word
fplorg-n51hv,0OG9M25,fplorg-n51hv_superuser@mailinator.com,fpluser395@mailinator.com,Pass19word
fplorg-n51hv,0OG9M25,fplorg-n51hv_superuser@mailinator.com,fpluser404@mailinator.com,Pass19word
fplorg-n51hv,0OG9M25,fplorg-n51hv_superuser@mailinator.com,fpluser413@mailinator.com,Pass19word
fplorg-n51hv,0OG9M25,fplorg-n51hv_superuser@mailinator.com,fpluser422@mailinator.com,Pass19word
fplorg-n51hv,0OG9M25,fplorg-n51hv_superuser@mailinator.com,fpluser431@mailinator.com,Pass19word
fplorg-n51hv,0OG9M25,fplorg-n51hv_superuser@mailinator.com,fpluser440@mailinator.com,Pass19word
fplorg-n51hv,0OG9M25,fplorg-n51hv_superuser@mailinator.com,fpluser449@mailinator.com,Pass19word
fplorg-n51hv,0OG9M25,fplorg-n51hv_superuser@mailinator.com,fpluser458@mailinator.com,Pass19word
fplorg-n51hv,0OG9M25,fplorg-n51hv_superuser@mailinator.com,fpluser467@mailinator.com,Pass19word
fplorg-nanfg,4T7JYBL,fplorg-nanfg_superuser@mailinator.com,fpluser256@mailinator.com,Pass19word
fplorg-nanfg,4T7JYBL,fplorg-nanfg_superuser@mailinator.com,fpluser266@mailinator.com,Pass19word
fplorg-nanfg,4T7JYBL,fplorg-nanfg_superuser@mailinator.com,fpluser276@mailinator.com,Pass19word
fplorg-nanfg,4T7JYBL,fplorg-nanfg_superuser@mailinator.com,fpluser286@mailinator.com,Pass19word
fplorg-nanfg,4T7JYBL,fplorg-nanfg_superuser@mailinator.com,fpluser296@mailinator.com,Pass19word
fplorg-nanfg,4T7JYBL,fplorg-nanfg_superuser@mailinator.com,fpluser306@mailinator.com,Pass19word
fplorg-nanfg,4T7JYBL,fplorg-nanfg_superuser@mailinator.com,fpluser316@mailinator.com,Pass19word
fplorg-nanfg,4T7JYBL,fplorg-nanfg_superuser@mailinator.com,fpluser326@mailinator.com,Pass19word
fplorg-nanfg,4T7JYBL,fplorg-nanfg_superuser@mailinator.com,fpluser336@mailinator.com,Pass19word
fplorg-nanfg,4T7JYBL,fplorg-nanfg_superuser@mailinator.com,fpluser346@mailinator.com,Pass19word
fplorg-nanfg,4T7JYBL,fplorg-nanfg_superuser@mailinator.com,fpluser356@mailinator.com,Pass19word
fplorg-njna6,0S3939L,fplorg-njna6_superuser@mailinator.com,fpluser140@mailinator.com,Pass19word
fplorg-njna6,0S3939L,fplorg-njna6_superuser@mailinator.com,fpluser150@mailinator.com,Pass19word
fplorg-njna6,0S3939L,fplorg-njna6_superuser@mailinator.com,fpluser160@mailinator.com,Pass19word
fplorg-njna6,0S3939L,fplorg-njna6_superuser@mailinator.com,fpluser170@mailinator.com,Pass19word
fplorg-njna6,0S3939L,fplorg-njna6_superuser@mailinator.com,fpluser180@mailinator.com,Pass19word
fplorg-njna6,0S3939L,fplorg-njna6_superuser@mailinator.com,fpluser190@mailinator.com,Pass19word
fplorg-njna6,0S3939L,fplorg-njna6_superuser@mailinator.com,fpluser200@mailinator.com,Pass19word
fplorg-njna6,0S3939L,fplorg-njna6_superuser@mailinator.com,fpluser210@mailinator.com,Pass19word
fplorg-njna6,0S3939L,fplorg-njna6_superuser@mailinator.com,fpluser220@mailinator.com,Pass19word
fplorg-njna6,0S3939L,fplorg-njna6_superuser@mailinator.com,fpluser230@mailinator.com,Pass19word
fplorg-njna6,0S3939L,fplorg-njna6_superuser@mailinator.com,fpluser240@mailinator.com,Pass19word
fplorg-o9gr4,E18H583,fplorg-o9gr4_superuser@mailinator.com,fpluser380@mailinator.com,Pass19word
fplorg-o9gr4,E18H583,fplorg-o9gr4_superuser@mailinator.com,fpluser390@mailinator.com,Pass19word
fplorg-o9gr4,E18H583,fplorg-o9gr4_superuser@mailinator.com,fpluser400@mailinator.com,Pass19word
fplorg-o9gr4,E18H583,fplorg-o9gr4_superuser@mailinator.com,fpluser409@mailinator.com,Pass19word
fplorg-o9gr4,E18H583,fplorg-o9gr4_superuser@mailinator.com,fpluser418@mailinator.com,Pass19word
fplorg-o9gr4,E18H583,fplorg-o9gr4_superuser@mailinator.com,fpluser427@mailinator.com,Pass19word
fplorg-o9gr4,E18H583,fplorg-o9gr4_superuser@mailinator.com,fpluser436@mailinator.com,Pass19word
fplorg-o9gr4,E18H583,fplorg-o9gr4_superuser@mailinator.com,fpluser445@mailinator.com,Pass19word
fplorg-o9gr4,E18H583,fplorg-o9gr4_superuser@mailinator.com,fpluser454@mailinator.com,Pass19word
fplorg-o9gr4,E18H583,fplorg-o9gr4_superuser@mailinator.com,fpluser463@mailinator.com,Pass19word
fplorg-o9gr4,E18H583,fplorg-o9gr4_superuser@mailinator.com,fpluser472@mailinator.com,Pass19word
fplorg-p3m6o,ECG2VEY,fplorg-p3m6o_superuser@mailinator.com,fpluser135@mailinator.com,Pass19word
fplorg-p3m6o,ECG2VEY,fplorg-p3m6o_superuser@mailinator.com,fpluser145@mailinator.com,Pass19word
fplorg-p3m6o,ECG2VEY,fplorg-p3m6o_superuser@mailinator.com,fpluser155@mailinator.com,Pass19word
fplorg-p3m6o,ECG2VEY,fplorg-p3m6o_superuser@mailinator.com,fpluser165@mailinator.com,Pass19word
fplorg-p3m6o,ECG2VEY,fplorg-p3m6o_superuser@mailinator.com,fpluser175@mailinator.com,Pass19word
fplorg-p3m6o,ECG2VEY,fplorg-p3m6o_superuser@mailinator.com,fpluser185@mailinator.com,Pass19word
fplorg-p3m6o,ECG2VEY,fplorg-p3m6o_superuser@mailinator.com,fpluser195@mailinator.com,Pass19word
fplorg-p3m6o,ECG2VEY,fplorg-p3m6o_superuser@mailinator.com,fpluser205@mailinator.com,Pass19word
fplorg-p3m6o,ECG2VEY,fplorg-p3m6o_superuser@mailinator.com,fpluser213@mailinator.com,Pass19word
fplorg-p3m6o,ECG2VEY,fplorg-p3m6o_superuser@mailinator.com,fpluser224@mailinator.com,Pass19word
fplorg-p3m6o,ECG2VEY,fplorg-p3m6o_superuser@mailinator.com,fpluser234@mailinator.com,Pass19word
fplorg-qciur,YC6NNHH,fplorg-qciur_superuser@mailinator.com,fpluser258@mailinator.com,Pass19word
fplorg-qciur,YC6NNHH,fplorg-qciur_superuser@mailinator.com,fpluser268@mailinator.com,Pass19word
fplorg-qciur,YC6NNHH,fplorg-qciur_superuser@mailinator.com,fpluser278@mailinator.com,Pass19word
fplorg-qciur,YC6NNHH,fplorg-qciur_superuser@mailinator.com,fpluser288@mailinator.com,Pass19word
fplorg-qciur,YC6NNHH,fplorg-qciur_superuser@mailinator.com,fpluser298@mailinator.com,Pass19word
fplorg-qciur,YC6NNHH,fplorg-qciur_superuser@mailinator.com,fpluser308@mailinator.com,Pass19word
fplorg-qciur,YC6NNHH,fplorg-qciur_superuser@mailinator.com,fpluser318@mailinator.com,Pass19word
fplorg-qciur,YC6NNHH,fplorg-qciur_superuser@mailinator.com,fpluser328@mailinator.com,Pass19word
fplorg-qciur,YC6NNHH,fplorg-qciur_superuser@mailinator.com,fpluser338@mailinator.com,Pass19word
fplorg-qciur,YC6NNHH,fplorg-qciur_superuser@mailinator.com,fpluser348@mailinator.com,Pass19word
fplorg-qciur,YC6NNHH,fplorg-qciur_superuser@mailinator.com,fpluser358@mailinator.com,Pass19word
fplorg-r0jz3,8ZDDYKA,fplorg-r0jz3_superuser@mailinator.com,fpluser137@mailinator.com,Pass19word
fplorg-r0jz3,8ZDDYKA,fplorg-r0jz3_superuser@mailinator.com,fpluser147@mailinator.com,Pass19word
fplorg-r0jz3,8ZDDYKA,fplorg-r0jz3_superuser@mailinator.com,fpluser157@mailinator.com,Pass19word
fplorg-r0jz3,8ZDDYKA,fplorg-r0jz3_superuser@mailinator.com,fpluser167@mailinator.com,Pass19word
fplorg-r0jz3,8ZDDYKA,fplorg-r0jz3_superuser@mailinator.com,fpluser177@mailinator.com,Pass19word
fplorg-r0jz3,8ZDDYKA,fplorg-r0jz3_superuser@mailinator.com,fpluser187@mailinator.com,Pass19word
fplorg-r0jz3,8ZDDYKA,fplorg-r0jz3_superuser@mailinator.com,fpluser197@mailinator.com,Pass19word
fplorg-r0jz3,8ZDDYKA,fplorg-r0jz3_superuser@mailinator.com,fpluser207@mailinator.com,Pass19word
fplorg-r0jz3,8ZDDYKA,fplorg-r0jz3_superuser@mailinator.com,fpluser217@mailinator.com,Pass19word
fplorg-r0jz3,8ZDDYKA,fplorg-r0jz3_superuser@mailinator.com,fpluser227@mailinator.com,Pass19word
fplorg-r0jz3,8ZDDYKA,fplorg-r0jz3_superuser@mailinator.com,fpluser237@mailinator.com,Pass19word
fplorg-true9,1XRRQPO,fplorg-true9_superuser@mailinator.com,fpluser17@mailinator.com,Pass19word
fplorg-true9,1XRRQPO,fplorg-true9_superuser@mailinator.com,fpluser27@mailinator.com,Pass19word
fplorg-true9,1XRRQPO,fplorg-true9_superuser@mailinator.com,fpluser37@mailinator.com,Pass19word
fplorg-true9,1XRRQPO,fplorg-true9_superuser@mailinator.com,fpluser47@mailinator.com,Pass19word
fplorg-true9,1XRRQPO,fplorg-true9_superuser@mailinator.com,fpluser57@mailinator.com,Pass19word
fplorg-true9,1XRRQPO,fplorg-true9_superuser@mailinator.com,fpluser67@mailinator.com,Pass19word
fplorg-true9,1XRRQPO,fplorg-true9_superuser@mailinator.com,fpluser77@mailinator.com,Pass19word
fplorg-true9,1XRRQPO,fplorg-true9_superuser@mailinator.com,fpluser87@mailinator.com,Pass19word
fplorg-true9,1XRRQPO,fplorg-true9_superuser@mailinator.com,fpluser97@mailinator.com,Pass19word
fplorg-true9,1XRRQPO,fplorg-true9_superuser@mailinator.com,fpluser107@mailinator.com,Pass19word
fplorg-true9,1XRRQPO,fplorg-true9_superuser@mailinator.com,fpluser117@mailinator.com,Pass19word
fplorg-u946p,FO3MA9T,fplorg-u946p_superuser@mailinator.com,fpluser136@mailinator.com,Pass19word
fplorg-u946p,FO3MA9T,fplorg-u946p_superuser@mailinator.com,fpluser146@mailinator.com,Pass19word
fplorg-u946p,FO3MA9T,fplorg-u946p_superuser@mailinator.com,fpluser156@mailinator.com,Pass19word
fplorg-u946p,FO3MA9T,fplorg-u946p_superuser@mailinator.com,fpluser166@mailinator.com,Pass19word
fplorg-u946p,FO3MA9T,fplorg-u946p_superuser@mailinator.com,fpluser176@mailinator.com,Pass19word
fplorg-u946p,FO3MA9T,fplorg-u946p_superuser@mailinator.com,fpluser186@mailinator.com,Pass19word
fplorg-u946p,FO3MA9T,fplorg-u946p_superuser@mailinator.com,fpluser196@mailinator.com,Pass19word
fplorg-u946p,FO3MA9T,fplorg-u946p_superuser@mailinator.com,fpluser206@mailinator.com,Pass19word
fplorg-u946p,FO3MA9T,fplorg-u946p_superuser@mailinator.com,fpluser216@mailinator.com,Pass19word
fplorg-u946p,FO3MA9T,fplorg-u946p_superuser@mailinator.com,fpluser226@mailinator.com,Pass19word
fplorg-u946p,FO3MA9T,fplorg-u946p_superuser@mailinator.com,fpluser236@mailinator.com,Pass19word
fplorg-um3a8,U3XQQF3,fplorg-um3a8_superuser@mailinator.com,fpluser12@mailinator.com,Pass19word
fplorg-um3a8,U3XQQF3,fplorg-um3a8_superuser@mailinator.com,fpluser22@mailinator.com,Pass19word
fplorg-um3a8,U3XQQF3,fplorg-um3a8_superuser@mailinator.com,fpluser32@mailinator.com,Pass19word
fplorg-um3a8,U3XQQF3,fplorg-um3a8_superuser@mailinator.com,fpluser42@mailinator.com,Pass19word
fplorg-um3a8,U3XQQF3,fplorg-um3a8_superuser@mailinator.com,fpluser52@mailinator.com,Pass19word
fplorg-um3a8,U3XQQF3,fplorg-um3a8_superuser@mailinator.com,fpluser62@mailinator.com,Pass19word
fplorg-um3a8,U3XQQF3,fplorg-um3a8_superuser@mailinator.com,fpluser72@mailinator.com,Pass19word
fplorg-um3a8,U3XQQF3,fplorg-um3a8_superuser@mailinator.com,fpluser81@mailinator.com,Pass19word
fplorg-um3a8,U3XQQF3,fplorg-um3a8_superuser@mailinator.com,fpluser92@mailinator.com,Pass19word
fplorg-um3a8,U3XQQF3,fplorg-um3a8_superuser@mailinator.com,fpluser102@mailinator.com,Pass19word
fplorg-um3a8,U3XQQF3,fplorg-um3a8_superuser@mailinator.com,fpluser111@mailinator.com,Pass19word
fplorg-uuqxc,FWS0XLZ,fplorg-uuqxc_superuser@mailinator.com,fpluser134@mailinator.com,Pass19word
fplorg-uuqxc,FWS0XLZ,fplorg-uuqxc_superuser@mailinator.com,fpluser144@mailinator.com,Pass19word
fplorg-uuqxc,FWS0XLZ,fplorg-uuqxc_superuser@mailinator.com,fpluser154@mailinator.com,Pass19word
fplorg-uuqxc,FWS0XLZ,fplorg-uuqxc_superuser@mailinator.com,fpluser163@mailinator.com,Pass19word
fplorg-uuqxc,FWS0XLZ,fplorg-uuqxc_superuser@mailinator.com,fpluser172@mailinator.com,Pass19word
fplorg-uuqxc,FWS0XLZ,fplorg-uuqxc_superuser@mailinator.com,fpluser183@mailinator.com,Pass19word
fplorg-uuqxc,FWS0XLZ,fplorg-uuqxc_superuser@mailinator.com,fpluser192@mailinator.com,Pass19word
fplorg-uuqxc,FWS0XLZ,fplorg-uuqxc_superuser@mailinator.com,fpluser202@mailinator.com,Pass19word
fplorg-uuqxc,FWS0XLZ,fplorg-uuqxc_superuser@mailinator.com,fpluser214@mailinator.com,Pass19word
fplorg-uuqxc,FWS0XLZ,fplorg-uuqxc_superuser@mailinator.com,fpluser223@mailinator.com,Pass19word
fplorg-uuqxc,FWS0XLZ,fplorg-uuqxc_superuser@mailinator.com,fpluser233@mailinator.com,Pass19word
fplorg-ve7wc,2LVDC0F,fplorg-ve7wc_superuser@mailinator.com,fpluser383@mailinator.com,Pass19word
fplorg-ve7wc,2LVDC0F,fplorg-ve7wc_superuser@mailinator.com,fpluser393@mailinator.com,Pass19word
fplorg-ve7wc,2LVDC0F,fplorg-ve7wc_superuser@mailinator.com,fpluser402@mailinator.com,Pass19word
fplorg-ve7wc,2LVDC0F,fplorg-ve7wc_superuser@mailinator.com,fpluser411@mailinator.com,Pass19word
fplorg-ve7wc,2LVDC0F,fplorg-ve7wc_superuser@mailinator.com,fpluser420@mailinator.com,Pass19word
fplorg-ve7wc,2LVDC0F,fplorg-ve7wc_superuser@mailinator.com,fpluser429@mailinator.com,Pass19word
fplorg-ve7wc,2LVDC0F,fplorg-ve7wc_superuser@mailinator.com,fpluser438@mailinator.com,Pass19word
fplorg-ve7wc,2LVDC0F,fplorg-ve7wc_superuser@mailinator.com,fpluser447@mailinator.com,Pass19word
fplorg-ve7wc,2LVDC0F,fplorg-ve7wc_superuser@mailinator.com,fpluser456@mailinator.com,Pass19word
fplorg-ve7wc,2LVDC0F,fplorg-ve7wc_superuser@mailinator.com,fpluser465@mailinator.com,Pass19word
fplorg-ve7wc,2LVDC0F,fplorg-ve7wc_superuser@mailinator.com,fpluser474@mailinator.com,Pass19word
fplorg-z3evj,NM94H40,fplorg-z3evj_superuser@mailinator.com,fpluser19@mailinator.com,Pass19word
fplorg-z3evj,NM94H40,fplorg-z3evj_superuser@mailinator.com,fpluser29@mailinator.com,Pass19word
fplorg-z3evj,NM94H40,fplorg-z3evj_superuser@mailinator.com,fpluser39@mailinator.com,Pass19word
fplorg-z3evj,NM94H40,fplorg-z3evj_superuser@mailinator.com,fpluser49@mailinator.com,Pass19word
fplorg-z3evj,NM94H40,fplorg-z3evj_superuser@mailinator.com,fpluser59@mailinator.com,Pass19word
fplorg-z3evj,NM94H40,fplorg-z3evj_superuser@mailinator.com,fpluser69@mailinator.com,Pass19word
fplorg-z3evj,NM94H40,fplorg-z3evj_superuser@mailinator.com,fpluser79@mailinator.com,Pass19word
fplorg-z3evj,NM94H40,fplorg-z3evj_superuser@mailinator.com,fpluser89@mailinator.com,Pass19word
fplorg-z3evj,NM94H40,fplorg-z3evj_superuser@mailinator.com,fpluser99@mailinator.com,Pass19word
fplorg-z3evj,NM94H40,fplorg-z3evj_superuser@mailinator.com,fpluser109@mailinator.com,Pass19word
fplorg-z3evj,NM94H40,fplorg-z3evj_superuser@mailinator.com,fpluser119@mailinator.com,Pass19word