orgname,orgref,superuser,superuserpassword,user,password
perf-prl-aALof,U1NS7EH,prl_caseworker_courtadmin@mailinator.com,Nagoya0102,prl_caseworker_courtadmin@mailinator.com,Nagoya0102
perf-prl-aALof,U1NS7EH,prl_caseworker_courtadmin1@mailinator.com,Password07,prl_caseworker_courtadmin1@mailinator.com,Password07
perf-prl-aALof,U1NS7EH,prl_caseworker_courtadmin2@mailinator.com,Password07,prl_caseworker_courtadmin2@mailinator.com,Password07
perf-prl-aALof,U1NS7EH,prl_caseworker_courtadmin3@mailinator.com,Password07,prl_caseworker_courtadmin3@mailinator.com,Password07
perf-prl-aALof,U1NS7EH,prl_caseworker_courtadmin4@mailinator.com,Password07,prl_caseworker_courtadmin4@mailinator.com,Password07
perf-prl-aALof,U1NS7EH,prl_caseworker_courtadmin5@mailinator.com,Password07,prl_caseworker_courtadmin5@mailinator.com,Password07
perf-prl-aALof,U1NS7EH,prl_caseworker_courtadmin6@mailinator.com,Password07,prl_caseworker_courtadmin6@mailinator.com,Password07
perf-prl-aALof,U1NS7EH,prl_caseworker_courtadmin7@mailinator.com,Password07,prl_caseworker_courtadmin7@mailinator.com,Password07
perf-prl-aALof,U1NS7EH,prl_caseworker_courtadmin8@mailinator.com,Password07,prl_caseworker_courtadmin8@mailinator.com,Password07
perf-prl-aALof,U1NS7EH,prl_caseworker_courtadmin9@mailinator.com,Password07,prl_caseworker_courtadmin9@mailinator.com,Password07
perf-prl-aALof,U1NS7EH,prl_caseworker_courtadmin10@mailinator.com,Password07,prl_caseworker_courtadmin10@mailinator.com,Password07