LAFirm,orgID,LAUser,LAPassword,LAFirstName,LALastName,LARole,adminUser,adminPassword
LAOrg1,Z8MUJEA,perf_la_user_1@gmail.com,Pass19word,Firstname,Lastname,LASOLICITOR,la.admin.1@gmail.com,Pass19word
LAOrg1,Z8MUJEA,perf_la_user_2@gmail.com,Pass19word,Firstname,Lastname,LASOLICITOR,la.admin.1@gmail.com,Pass19word
LAOrg1,Z8MUJEA,perf_la_user_3@gmail.com,Pass19word,Firstname,Lastname,LASOLICITOR,la.admin.1@gmail.com,Pass19word
LAOrg1,Z8MUJEA,perf_la_user_4@gmail.com,Pass19word,Firstname,Lastname,LASOLICITOR,la.admin.1@gmail.com,Pass19word
LAOrg1,Z8MUJEA,perf_la_user_5@gmail.com,Pass19word,Firstname,Lastname,LASOLICITOR,la.admin.1@gmail.com,Pass19word
LAOrg1,Z8MUJEA,perf_la_user_6@gmail.com,Pass19word,Firstname,Lastname,LASOLICITOR,la.admin.1@gmail.com,Pass19word
LAOrg1,Z8MUJEA,perf_la_user_7@gmail.com,Pass19word,Firstname,Lastname,LASOLICITOR,la.admin.1@gmail.com,Pass19word
LAOrg1,Z8MUJEA,perf_la_user_8@gmail.com,Pass19word,Firstname,Lastname,LASOLICITOR,la.admin.1@gmail.com,Pass19word
LAOrg1,Z8MUJEA,perf_la_user_9@gmail.com,Pass19word,Firstname,Lastname,LASOLICITOR,la.admin.1@gmail.com,Pass19word
LAOrg1,Z8MUJEA,perf_la_user_10@gmail.com,Pass19word,Firstname,Lastname,LASOLICITOR,la.admin.1@gmail.com,Pass19word
LAOrg2,R86SP6V,perf_la_user_11@gmail.com,Pass19word,Firstname,Lastname,LASOLICITOR,la.admin.2@gmail.com,Pass19word
LAOrg2,R86SP6V,perf_la_user_12@gmail.com,Pass19word,Firstname,Lastname,LASOLICITOR,la.admin.2@gmail.com,Pass19word
LAOrg2,R86SP6V,perf_la_user_13@gmail.com,Pass19word,Firstname,Lastname,LASOLICITOR,la.admin.2@gmail.com,Pass19word
LAOrg2,R86SP6V,perf_la_user_14@gmail.com,Pass19word,Firstname,Lastname,LASOLICITOR,la.admin.2@gmail.com,Pass19word
LAOrg2,R86SP6V,perf_la_user_15@gmail.com,Pass19word,Firstname,Lastname,LASOLICITOR,la.admin.2@gmail.com,Pass19word
LAOrg2,R86SP6V,perf_la_user_16@gmail.com,Pass19word,Firstname,Lastname,LASOLICITOR,la.admin.2@gmail.com,Pass19word
LAOrg2,R86SP6V,perf_la_user_17@gmail.com,Pass19word,Firstname,Lastname,LASOLICITOR,la.admin.2@gmail.com,Pass19word
LAOrg2,R86SP6V,perf_la_user_18@gmail.com,Pass19word,Firstname,Lastname,LASOLICITOR,la.admin.2@gmail.com,Pass19word
LAOrg2,R86SP6V,perf_la_user_19@gmail.com,Pass19word,Firstname,Lastname,LASOLICITOR,la.admin.2@gmail.com,Pass19word
LAOrg2,R86SP6V,perf_la_user_20@gmail.com,Pass19word,Firstname,Lastname,LASOLICITOR,la.admin.2@gmail.com,Pass19word
LAOrg3,0MQPD57,perf_la_user_21@gmail.com,Pass19word,Firstname,Lastname,LASOLICITOR,la.admin.3@gmail.com,Pass19word
LAOrg3,0MQPD57,perf_la_user_22@gmail.com,Pass19word,Firstname,Lastname,LASOLICITOR,la.admin.3@gmail.com,Pass19word
LAOrg3,0MQPD57,perf_la_user_23@gmail.com,Pass19word,Firstname,Lastname,LASOLICITOR,la.admin.3@gmail.com,Pass19word
LAOrg3,0MQPD57,perf_la_user_24@gmail.com,Pass19word,Firstname,Lastname,LASOLICITOR,la.admin.3@gmail.com,Pass19word
LAOrg3,0MQPD57,perf_la_user_25@gmail.com,Pass19word,Firstname,Lastname,LASOLICITOR,la.admin.3@gmail.com,Pass19word
LAOrg3,0MQPD57,perf_la_user_26@gmail.com,Pass19word,Firstname,Lastname,LASOLICITOR,la.admin.3@gmail.com,Pass19word
LAOrg3,0MQPD57,perf_la_user_27@gmail.com,Pass19word,Firstname,Lastname,LASOLICITOR,la.admin.3@gmail.com,Pass19word
LAOrg3,0MQPD57,perf_la_user_28@gmail.com,Pass19word,Firstname,Lastname,LASOLICITOR,la.admin.3@gmail.com,Pass19word
LAOrg3,0MQPD57,perf_la_user_29@gmail.com,Pass19word,Firstname,Lastname,LASOLICITOR,la.admin.3@gmail.com,Pass19word
LAOrg3,0MQPD57,perf_la_user_30@gmail.com,Pass19word,Firstname,Lastname,LASOLICITOR,la.admin.3@gmail.com,Pass19word
LAOrg4,E8QIHLP,perf_la_user_31@gmail.com,Pass19word,Firstname,Lastname,LASOLICITOR,la.admin.4@gmail.com,Pass19word
LAOrg4,E8QIHLP,perf_la_user_32@gmail.com,Pass19word,Firstname,Lastname,LASOLICITOR,la.admin.4@gmail.com,Pass19word
LAOrg4,E8QIHLP,perf_la_user_33@gmail.com,Pass19word,Firstname,Lastname,LASOLICITOR,la.admin.4@gmail.com,Pass19word
LAOrg4,E8QIHLP,perf_la_user_34@gmail.com,Pass19word,Firstname,Lastname,LASOLICITOR,la.admin.4@gmail.com,Pass19word
LAOrg4,E8QIHLP,perf_la_user_35@gmail.com,Pass19word,Firstname,Lastname,LASOLICITOR,la.admin.4@gmail.com,Pass19word
LAOrg4,E8QIHLP,perf_la_user_36@gmail.com,Pass19word,Firstname,Lastname,LASOLICITOR,la.admin.4@gmail.com,Pass19word
LAOrg4,E8QIHLP,perf_la_user_37@gmail.com,Pass19word,Firstname,Lastname,LASOLICITOR,la.admin.4@gmail.com,Pass19word
LAOrg4,E8QIHLP,perf_la_user_38@gmail.com,Pass19word,Firstname,Lastname,LASOLICITOR,la.admin.4@gmail.com,Pass19word
LAOrg4,E8QIHLP,perf_la_user_39@gmail.com,Pass19word,Firstname,Lastname,LASOLICITOR,la.admin.4@gmail.com,Pass19word
LAOrg4,E8QIHLP,perf_la_user_40@gmail.com,Pass19word,Firstname,Lastname,LASOLICITOR,la.admin.4@gmail.com,Pass19word
LAOrg5,64VIN38,perf_la_user_41@gmail.com,Pass19word,Firstname,Lastname,LASOLICITOR,la.admin.5@gmail.com,Pass19word
LAOrg5,64VIN38,perf_la_user_42@gmail.com,Pass19word,Firstname,Lastname,LASOLICITOR,la.admin.5@gmail.com,Pass19word
LAOrg5,64VIN38,perf_la_user_43@gmail.com,Pass19word,Firstname,Lastname,LASOLICITOR,la.admin.5@gmail.com,Pass19word
LAOrg5,64VIN38,perf_la_user_44@gmail.com,Pass19word,Firstname,Lastname,LASOLICITOR,la.admin.5@gmail.com,Pass19word
LAOrg5,64VIN38,perf_la_user_45@gmail.com,Pass19word,Firstname,Lastname,LASOLICITOR,la.admin.5@gmail.com,Pass19word
LAOrg5,64VIN38,perf_la_user_46@gmail.com,Pass19word,Firstname,Lastname,LASOLICITOR,la.admin.5@gmail.com,Pass19word
LAOrg5,64VIN38,perf_la_user_47@gmail.com,Pass19word,Firstname,Lastname,LASOLICITOR,la.admin.5@gmail.com,Pass19word
LAOrg5,64VIN38,perf_la_user_48@gmail.com,Pass19word,Firstname,Lastname,LASOLICITOR,la.admin.5@gmail.com,Pass19word
LAOrg5,64VIN38,perf_la_user_49@gmail.com,Pass19word,Firstname,Lastname,LASOLICITOR,la.admin.5@gmail.com,Pass19word
LAOrg5,64VIN38,perf_la_user_49@gmail.com,Pass19word,Firstname,Lastname,LASOLICITOR,la.admin.5@gmail.com,Pass19word
LAOrg5,64VIN38,perf_la_user_50@gmail.com,Pass19word,Firstname,Lastname,LASOLICITOR,la.admin.5@gmail.com,Pass19word
