user,password,type,caseId,docId
PED-SSCS-User1@justice.gov.uk,Password12,Presenter,1707913726731365,ba4101b9-689d-4dd7-a1f6-458a9505df18
PED-SSCS-User2@justice.gov.uk,Password12,Follower,1707913726731365,ba4101b9-689d-4dd7-a1f6-458a9505df18
PED-SSCS-User3@justice.gov.uk,Password12,Follower,1707913726731365,ba4101b9-689d-4dd7-a1f6-458a9505df18
PED-SSCS-User4@justice.gov.uk,Password12,Follower,1707913726731365,ba4101b9-689d-4dd7-a1f6-458a9505df18
PED-SSCS-User5@justice.gov.uk,Password12,Follower,1707913726731365,ba4101b9-689d-4dd7-a1f6-458a9505df18
PED-SSCS-User6@justice.gov.uk,Password12,Follower,1707913726731365,ba4101b9-689d-4dd7-a1f6-458a9505df18
PED-SSCS-User7@justice.gov.uk,Password12,Follower,1707913726731365,ba4101b9-689d-4dd7-a1f6-458a9505df18
PED-SSCS-User8@justice.gov.uk,Password12,Follower,1707913726731365,ba4101b9-689d-4dd7-a1f6-458a9505df18
PED-SSCS-User9@justice.gov.uk,Password12,Presenter,1707915252665388,4c878f81-18b7-45ac-80e3-0fa1a66de04b
PED-SSCS-User10@justice.gov.uk,Password12,Follower,1707915252665388,4c878f81-18b7-45ac-80e3-0fa1a66de04b
PED-SSCS-User11@justice.gov.uk,Password12,Follower,1707915252665388,4c878f81-18b7-45ac-80e3-0fa1a66de04b
PED-SSCS-User12@justice.gov.uk,Password12,Follower,1707915252665388,4c878f81-18b7-45ac-80e3-0fa1a66de04b
PED-SSCS-User13@justice.gov.uk,Password12,Follower,1707915252665388,4c878f81-18b7-45ac-80e3-0fa1a66de04b
PED-SSCS-User14@justice.gov.uk,Password12,Follower,1707915252665388,4c878f81-18b7-45ac-80e3-0fa1a66de04b
PED-SSCS-User15@justice.gov.uk,Password12,Follower,1707915252665388,4c878f81-18b7-45ac-80e3-0fa1a66de04b
PED-SSCS-User16@justice.gov.uk,Password12,Follower,1707915252665388,4c878f81-18b7-45ac-80e3-0fa1a66de04b
PED-SSCS-User17@justice.gov.uk,Password12,Presenter,1707915425404954,0bfe5934-21e9-404b-b3d6-05852c03d546
PED-SSCS-User18@justice.gov.uk,Password12,Follower,1707915425404954,0bfe5934-21e9-404b-b3d6-05852c03d546
PED-SSCS-User19@justice.gov.uk,Password12,Follower,1707915425404954,0bfe5934-21e9-404b-b3d6-05852c03d546
PED-SSCS-User20@justice.gov.uk,Password12,Follower,1707915425404954,0bfe5934-21e9-404b-b3d6-05852c03d546
PED-SSCS-User21@justice.gov.uk,Password12,Follower,1707915425404954,0bfe5934-21e9-404b-b3d6-05852c03d546
PED-SSCS-User22@justice.gov.uk,Password12,Follower,1707915425404954,0bfe5934-21e9-404b-b3d6-05852c03d546
PED-SSCS-User23@justice.gov.uk,Password12,Follower,1707915425404954,0bfe5934-21e9-404b-b3d6-05852c03d546
PED-SSCS-User24@justice.gov.uk,Password12,Follower,1707915425404954,0bfe5934-21e9-404b-b3d6-05852c03d546
PED-SSCS-User25@justice.gov.uk,Password12,Presenter,1613406751365319,3fd45ea6-04b7-48ee-9f10-c29604fb760a
PED-SSCS-User26@justice.gov.uk,Password12,Follower,1613406751365319,3fd45ea6-04b7-48ee-9f10-c29604fb760a
PED-SSCS-User27@justice.gov.uk,Password12,Follower,1613406751365319,3fd45ea6-04b7-48ee-9f10-c29604fb760a
PED-SSCS-User28@justice.gov.uk,Password12,Follower,1613406751365319,3fd45ea6-04b7-48ee-9f10-c29604fb760a
PED-SSCS-User29@justice.gov.uk,Password12,Follower,1613406751365319,3fd45ea6-04b7-48ee-9f10-c29604fb760a
PED-SSCS-User30@justice.gov.uk,Password12,Follower,1613406751365319,3fd45ea6-04b7-48ee-9f10-c29604fb760a
PED-SSCS-User31@justice.gov.uk,Password12,Follower,1613406751365319,3fd45ea6-04b7-48ee-9f10-c29604fb760a
PED-SSCS-User32@justice.gov.uk,Password12,Follower,1613406751365319,3fd45ea6-04b7-48ee-9f10-c29604fb760a
PED-SSCS-User33@justice.gov.uk,Password12,Presenter,1707915223938039,8ebe7211-b7e8-40a2-9010-672d3567003c
PED-SSCS-User34@justice.gov.uk,Password12,Follower,1707915223938039,8ebe7211-b7e8-40a2-9010-672d3567003c
PED-SSCS-User35@justice.gov.uk,Password12,Follower,1707915223938039,8ebe7211-b7e8-40a2-9010-672d3567003c
PED-SSCS-User36@justice.gov.uk,Password12,Follower,1707915223938039,8ebe7211-b7e8-40a2-9010-672d3567003c
PED-SSCS-User37@justice.gov.uk,Password12,Follower,1707915223938039,8ebe7211-b7e8-40a2-9010-672d3567003c
PED-SSCS-User38@justice.gov.uk,Password12,Follower,1707915223938039,8ebe7211-b7e8-40a2-9010-672d3567003c
PED-SSCS-User39@justice.gov.uk,Password12,Follower,1707915223938039,8ebe7211-b7e8-40a2-9010-672d3567003c
PED-SSCS-User40@justice.gov.uk,Password12,Follower,1707915223938039,8ebe7211-b7e8-40a2-9010-672d3567003c
PED-SSCS-User41@justice.gov.uk,Password12,Presenter,1707915403609723,9de6bcd8-22bf-4dd2-8f9f-e8a03abb0f3b
PED-SSCS-User42@justice.gov.uk,Password12,Follower,1707915403609723,9de6bcd8-22bf-4dd2-8f9f-e8a03abb0f3b
PED-SSCS-User43@justice.gov.uk,Password12,Follower,1707915403609723,9de6bcd8-22bf-4dd2-8f9f-e8a03abb0f3b
PED-SSCS-User44@justice.gov.uk,Password12,Follower,1707915403609723,9de6bcd8-22bf-4dd2-8f9f-e8a03abb0f3b
PED-SSCS-User45@justice.gov.uk,Password12,Follower,1707915403609723,9de6bcd8-22bf-4dd2-8f9f-e8a03abb0f3b
PED-SSCS-User46@justice.gov.uk,Password12,Follower,1707915403609723,9de6bcd8-22bf-4dd2-8f9f-e8a03abb0f3b
PED-SSCS-User47@justice.gov.uk,Password12,Follower,1707915403609723,9de6bcd8-22bf-4dd2-8f9f-e8a03abb0f3b
PED-SSCS-User48@justice.gov.uk,Password12,Follower,1707915403609723,9de6bcd8-22bf-4dd2-8f9f-e8a03abb0f3b
PED-SSCS-User49@justice.gov.uk,Password12,Presenter,1707915455898844,63b004eb-6c6e-4467-9696-63c712b641ca
PED-SSCS-User50@justice.gov.uk,Password12,Follower,1707915455898844,63b004eb-6c6e-4467-9696-63c712b641ca
PED-SSCS-User51@justice.gov.uk,Password12,Follower,1707915455898844,63b004eb-6c6e-4467-9696-63c712b641ca
PED-SSCS-User52@justice.gov.uk,Password12,Follower,1707915455898844,63b004eb-6c6e-4467-9696-63c712b641ca
PED-SSCS-User53@justice.gov.uk,Password12,Follower,1707915455898844,63b004eb-6c6e-4467-9696-63c712b641ca
PED-SSCS-User54@justice.gov.uk,Password12,Follower,1707915455898844,63b004eb-6c6e-4467-9696-63c712b641ca
PED-SSCS-User55@justice.gov.uk,Password12,Follower,1707915455898844,63b004eb-6c6e-4467-9696-63c712b641ca
PED-SSCS-User56@justice.gov.uk,Password12,Follower,1707915455898844,63b004eb-6c6e-4467-9696-63c712b641ca
PED-SSCS-User57@justice.gov.uk,Password12,Presenter,1707915894672776,d9d36803-129f-4c20-82f8-5dca3c49070c
PED-SSCS-User58@justice.gov.uk,Password12,Follower,1707915894672776,d9d36803-129f-4c20-82f8-5dca3c49070c
PED-SSCS-User59@justice.gov.uk,Password12,Follower,1707915894672776,d9d36803-129f-4c20-82f8-5dca3c49070c
PED-SSCS-User60@justice.gov.uk,Password12,Follower,1707915894672776,d9d36803-129f-4c20-82f8-5dca3c49070c
PED-SSCS-User61@justice.gov.uk,Password12,Follower,1707915894672776,d9d36803-129f-4c20-82f8-5dca3c49070c
PED-SSCS-User62@justice.gov.uk,Password12,Follower,1707915894672776,d9d36803-129f-4c20-82f8-5dca3c49070c
PED-SSCS-User63@justice.gov.uk,Password12,Follower,1707915894672776,d9d36803-129f-4c20-82f8-5dca3c49070c
PED-SSCS-User64@justice.gov.uk,Password12,Follower,1707915894672776,d9d36803-129f-4c20-82f8-5dca3c49070c
PED-SSCS-User65@justice.gov.uk,Password12,Presenter,1707915858330957,300f4014-a69e-4fce-a37c-306b414bdd3d
PED-SSCS-User66@justice.gov.uk,Password12,Follower,1707915858330957,300f4014-a69e-4fce-a37c-306b414bdd3d
PED-SSCS-User67@justice.gov.uk,Password12,Follower,1707915858330957,300f4014-a69e-4fce-a37c-306b414bdd3d
PED-SSCS-User68@justice.gov.uk,Password12,Follower,1707915858330957,300f4014-a69e-4fce-a37c-306b414bdd3d
PED-SSCS-User69@justice.gov.uk,Password12,Follower,1707915858330957,300f4014-a69e-4fce-a37c-306b414bdd3d
PED-SSCS-User70@justice.gov.uk,Password12,Follower,1707915858330957,300f4014-a69e-4fce-a37c-306b414bdd3d
PED-SSCS-User71@justice.gov.uk,Password12,Follower,1707915858330957,300f4014-a69e-4fce-a37c-306b414bdd3d
PED-SSCS-User72@justice.gov.uk,Password12,Follower,1707915858330957,300f4014-a69e-4fce-a37c-306b414bdd3d
PED-SSCS-User73@justice.gov.uk,Password12,Presenter,1707916023809149,18ae9378-1741-4eb6-acd4-f7714bdefedf
PED-SSCS-User74@justice.gov.uk,Password12,Follower,1707916023809149,18ae9378-1741-4eb6-acd4-f7714bdefedf
PED-SSCS-User75@justice.gov.uk,Password12,Follower,1707916023809149,18ae9378-1741-4eb6-acd4-f7714bdefedf
PED-SSCS-User76@justice.gov.uk,Password12,Follower,1707916023809149,18ae9378-1741-4eb6-acd4-f7714bdefedf
PED-SSCS-User77@justice.gov.uk,Password12,Follower,1707916023809149,18ae9378-1741-4eb6-acd4-f7714bdefedf
PED-SSCS-User78@justice.gov.uk,Password12,Follower,1707916023809149,18ae9378-1741-4eb6-acd4-f7714bdefedf
PED-SSCS-User79@justice.gov.uk,Password12,Follower,1707916023809149,18ae9378-1741-4eb6-acd4-f7714bdefedf
PED-SSCS-User80@justice.gov.uk,Password12,Follower,1707916023809149,18ae9378-1741-4eb6-acd4-f7714bdefedf